id,brand,condition,creator,door_count,equipment,first_owner,fiscal_power,fuel_type,image_folder,mileage,model,origin,price,publication_date,sector,seller_city,source,title,transmission,year
429871f4-0fab-44c5-adb6-aac6f2eb5fdb,audi,,RT AUTO,5,Audi q8 comme neuf,Oui,11,diesel,kdzeet93b5da_20,119000,Q8,,,12/05/2025 00:00,Casablanca,Casablanca,moteur,AUDI  Q8,Automatique,
e930825c-96cb-47e1-84c5-0fae9eaa825e,bmw,,MOHAMED,,"Annonce pour vente de bmw série 1 - très bon État - modèle 2021 À vendre : bmw série 1 full équipée, en très bon état première main www au maroc , jamais accidenté kilométrage :85000 caractéristiques principales : look sportif et équipements premium. intérieur : sièges en cuir haut de gamme, ambiance raffinée et confortable. carburant diesel- boîte automatique : conduite fluide et agréable. entretien suivi : tous les entretiens effectués en temps et en heure, aucun frais ni révision à prévoir. informations supplémentaires : véhicule non-fumeur et bien entretenu. idéal pour un conducteur exigeant à la recherche d’un modèle performant, fiable, et élégant. prix : 320 000 dh. À discuter contactez-moi pour plus d’informations ou pour organiser une visite. ne laissez pas passer cette occasion unique",Oui,,diesel,xi4a6kd2suls_4,85000,Serie,,320000,12/05/2025 00:00,Tanger,Tanger,moteur,BMW  Serie 1 116d,Automatique,
cbe8ce5e-844c-4a91-8fe8-8665a446a1cb,mercedes-benz,Excellent,Amjadd,5,"ABS, Airbags, CD/MP3/Bluetooth, Caméra de recul, Climatisation, ESP, Jantes aluminium, Limiteur de vitesse, Ordinateur de bord, Radar de recul, Régulateur de vitesse, Sièges cuir, Système de navigation/GPS, Verrouillage centralisé à distance, Vitres électriques",Non,8,diesel,dztdmk9bqovv_12,144999,220,WW au Maroc,,12/05/2025 10:41,Rabat,Hay el Fath,avito,Mercedes-Benz classe c220d,Automatique,2020
44b096ee-dc5c-479d-84aa-6489131a24fc,volkswagen,Excellent,Reda Lara,,"ABS, Airbags, CD/MP3/Bluetooth, Caméra de recul, Climatisation, ESP, Jantes aluminium, Limiteur de vitesse, Ordinateur de bord, Radar de recul, Régulateur de vitesse, Sièges cuir, Système de navigation/GPS, Toit ouvrant, Verrouillage centralisé à distance, Vitres électriques",,8,diesel,xikk61isckwv_29,224999,Passat,Importée neuve,160000,12/05/2025 10:41,Rabat,Agdal,avito,Volkswagen Passat Rline,Automatique,2014
752c9907-f8c0-4421-9bec-dd9de15847cd,opel,Très bon,Utilisateur,5,"ABS, Airbags, CD/MP3/Bluetooth, Caméra de recul, Climatisation, ESP, Jantes aluminium, Limiteur de vitesse, Ordinateur de bord, Radar de recul, Régulateur de vitesse, Sièges cuir, Système de navigation/GPS, Toit ouvrant, Verrouillage centralisé à distance, Vitres électriques",Non,8,diesel,kqorni00yfdj_22,224999,Astra,WW au Maroc,110000,12/05/2025 10:41,El Jadida,Biranzarane,avito,Opel astra 2016 manuelle toute options,Manuelle,2016
b0efdbb1-ad43-4373-a77d-4edacc5d9d46,mercedes-benz,,AUTO SALA EL JADIDA,5,Auto sala el jadida mets en vente une nouvelle mercedes cla 220d pack amg line plus mise en circulation août 2023 km : 12.000 réel faible km kilométrage certifié peinture originale 1er main particulier suivi régulier maison auto nejma notre emplacement est disponible sur google maps et waze on acceptent également la reprise,Oui,8,diesel,6hf6xqrglxtl_19,14000,Classe,,,12/05/2025 00:00,Rabat,Rabat,moteur,MERCEDES-BENZ  Classe cla,Automatique,
c7963c0d-9a45-4231-bda3-a4a655fd4c9c,hyundai,,AUTO AYMANE,5,Hyundai i30 noveux diesel model 2022 toute options boîte automatique climatisation automatique volant multifonction limiteur régulateur jantes aluminium 17 pouces antibrouillard rétroviseurs rabattabel caméra de recul écran de bord gps radar de recul avant et arrière salon sport elc chofant mémoire 4vittres elc 1ère main entretien maison,Oui,6,diesel,johw0v2fvxf2_10,129000,I30,,,26/05/2025 00:00,Casablanca,Casablanca,moteur,HYUNDAI  I30,Automatique,
c5b02f45-6473-4671-b9cf-9c679c3d05e0,renault,,VOITURES PARTICULIERS CERTIFIéES,5,"•avito / moteur.ma vous proposer : •renault - kadjar 93200 km - modele 2020 en vente. •véhicule en excellent état •la voiture a été expertisée suivant plus de 50 points de contrôles. •le rapport d’expertise détaillé est disponible sur demande, garantissant la qualité et la fiabilité du véhicule. •le financement est disponible auprès de wafasalaf veuillez nous contacter pour plus d'informations ou pour voir le véhicule.",Oui,6,diesel,gncrn0uz3bg6_10,94000,Kadjar,,245000,12/05/2025 00:00,Casablanca,Casablanca,moteur,RENAULT  Kadjar,Manuelle,
57706328-ea9a-42f0-b65d-aaa0a7ba0e6c,alfa-romeo,,STELLANTIS &YOU CASABLANCA,5,"Alfa romeo stelvio quadrifoglio 2.9l v6 bi-trubo 510ch garantie 12 mois ou 50.000 km date de mise en circulation : janvier 2022 kilometrage : 60.000 le véhicule a été vérifié dans nos ateliers et soumis à un contrôle rigoureux possibilité de reprise de votre véhicule et financement à crédit. vitesse, efficacité et sécurité grâce à un mélange parfait de puissance et de technologie.",Oui,17,essence,ml01xok29qtq_26,64000,Stelvio,,660000,26/05/2025 00:00,Casablanca,Casablanca,moteur,ALFA-ROMEO  Stelvio,Automatique,
ae5a41dc-d0c1-46ad-a7e9-374b6a4d05c7,mercedes-benz,,MINT LUXE AUTO,5,À vendre mercedes classe a 220d full pack amg line plus avec pleins d'autres options à découvrir pour plus d’informations n’hésitez pas de nous contacter,Oui,8,diesel,w9nzxmcvrv38_13,4000,Classe,,,12/05/2025 00:00,Marrakech,Marrakech,moteur,MERCEDES-BENZ  Classe a R dynamique,Automatique,
3b43ccf4-643e-41ad-806e-74b5f060f7a2,porsche,Neuf,Auto RoumaisaaShopBadge Icon,5,,,12,hybride,fo1xt27xse38_29,2499,Cayenne,Importée neuve,,12/05/2025 11:30,Casablanca,Aïn Chock,avito,Porsche Cayenne Coupé Hybride,Automatique,2025
d78b0455-63e7-45b3-8e39-2b44f189d887,dacia,Excellent,SAIFCARSShopBadge Icon,5,,Oui,6,diesel,awguvuel5cax_32,97499,Sandero,WW au Maroc,112000,12/05/2025 19:11,Temara,Centre Ville,avito,Dacia Sandero 2021,Manuelle,2021
84da4a97-ec8a-4679-9cb0-e28288ccabe3,renault,,AHMED,4,Je vends ma voiture clio 4 intense 2021 tre tre bon état automatique tre faible consommation,Non,6,diesel,bxj5w1pw1mcg_6,120,Clio,,147000,12/05/2025 00:00,Sale,Sale,moteur,RENAULT  Clio Clio 4 intense,Automatique,
53ad0e04-b555-4a75-95ca-7fb498070075,audi,,MINT LUXE AUTO,5,À vendre audi a5 tech pro s line plus diesel full pack s line plus importee neuve en 2025 kilométrage 0 km avec plein d'options à découvrir pour plus d’informations n’hésitez pas de nous contacter,Oui,8,diesel,p3wp4yhl4t3k_14,4000,A5,,,12/05/2025 00:00,Marrakech,Marrakech,moteur,AUDI  A5 R line plus 4…,Automatique,
60a736ea-3729-4083-9206-08026e4f59ac,seat,Neuf,rachid bouzeraaShopBadge Icon,5,"ABS, Airbags, CD/MP3/Bluetooth, Caméra de recul, Climatisation, ESP, Jantes aluminium, Limiteur de vitesse, Ordinateur de bord, Radar de recul, Régulateur de vitesse, Sièges cuir, Système de navigation/GPS, Verrouillage centralisé à distance, Vitres électriques",Oui,8,diesel,9eiasrweg5g0_14,2499,Tarraco,WW au Maroc,,12/05/2025 13:24,Casablanca,Bourgogne,avito,Seat Tarraco neuve 0 km BVA diesel 2025,Automatique,2025
bdc771d0-1452-4752-8349-b6e170083bd0,hyundai,Excellent,Ilyasse,5,"ABS, Airbags, CD/MP3/Bluetooth, Caméra de recul, Climatisation, ESP, Jantes aluminium, Limiteur de vitesse, Ordinateur de bord, Radar de recul, Régulateur de vitesse, Sièges cuir, Toit ouvrant, Verrouillage centralisé à distance, Vitres électriques",Non,9,diesel,v1qtjvft87ry_31,164999,Santa Fe,WW au Maroc,275000,12/05/2025 13:22,Casablanca,Sidi Moumen,avito,Hyundai santafe 2020 tres bon etat,Automatique,2020
7fa43c22-492b-442a-bbe6-5f7a245dcd99,audi,Très bon,Abdo,5,"ABS, Airbags, CD/MP3/Bluetooth, Caméra de recul, Climatisation, ESP, Jantes aluminium, Limiteur de vitesse, Ordinateur de bord, Radar de recul, Régulateur de vitesse, Sièges cuir, Système de navigation/GPS, Toit ouvrant, Verrouillage centralisé à distance, Vitres électriques",Non,11,essence,2j6keaxxobdp_13,57499,Q3,Importée neuve,,12/05/2025 13:05,Tanger,Branes 2,avito,Audi Q3 Essence Automatique 2021 à Tanger,Automatique,2021
d7989ee3-8547-4881-921d-8be716e535cb,audi,,FAJRINE AUTO,4,audi a6 s ligne importer neuf en excellent état \\npour plus d’informations veuillez me contacter,Oui,8,diesel,oqrwc447ax88_1,47000,A6,,,12/05/2025 00:00,Casablanca,Casablanca,moteur,AUDI  A6 S ligne,Automatique,
332c51fe-6148-472f-97be-cfe4502f0ffc,peugeot,Excellent,Jamal,5,"CD/MP3/Bluetooth, Caméra de recul, Climatisation, Jantes aluminium, Vitres électriques",Non,6,diesel,2on7pai5rb1h_17,424999,307,WW au Maroc,51000,12/05/2025 10:41,Agadir,Abattoirs,avito,Peugeot 307 Diesel Manuelle 2003 à Agadir,Manuelle,2003
3903504d-eba3-4ddb-96e0-a9c55a9529e4,seat,Excellent,TOYOTA OCCASIONShopBadge Icon,5,"ABS, Airbags, CD/MP3/Bluetooth, Caméra de recul, Climatisation, ESP, Jantes aluminium, Limiteur de vitesse, Ordinateur de bord, Radar de recul, Régulateur de vitesse, Sièges cuir, Système de navigation/GPS, Toit ouvrant, Verrouillage centralisé à distance, Vitres électriques",Oui,8,diesel,jtng590ce6rf_5,27499,Ateca,WW au Maroc,305000,12/05/2025 12:16,Casablanca,Ain Sebaa,avito,Seat Ateca 12/2023 BVA 23000KM,Automatique,2023
95f6a2c1-0c8c-4346-b1be-93fcae1fe6a7,renault,Très bon,abosami autoShopBadge Icon,5,"ABS, Airbags, CD/MP3/Bluetooth, Caméra de recul, Climatisation, ESP, Jantes aluminium, Limiteur de vitesse, Ordinateur de bord, Radar de recul, Régulateur de vitesse, Sièges cuir, Système de navigation/GPS, Verrouillage centralisé à distance, Vitres électriques",Non,6,diesel,ltn1p6ksmxex_31,87499,Clio,WW au Maroc,175000,12/05/2025 13:05,Casablanca,Autre secteur,avito,Renault Clio5 RSline,Manuelle,2021
5b8bb246-1c56-4a9b-8848-19443883693a,bmw,,AUTO AYMANE,5,Bmw x3 diesel toute options boîte automatique climatisation digital volant multifonction ecran de bord gps radar de recul avant et arrière rétroviseur rabattabel antibrouillard les laides avant et arrière salon cuire jantes aluminium 19 pouces 4 vitter elc projecteurs xénon limiteur régulateur les laides avant et arrière 1ère main,Oui,8,diesel,0194wpw4kszy_6,149000,X3,,,26/05/2025 00:00,Casablanca,Casablanca,moteur,BMW  X3,Automatique,
7709d2b1-c87a-41eb-8315-7da4539f272c,hyundai,Excellent,Hassan,5,"ABS, Airbags, CD/MP3/Bluetooth, Caméra de recul, Climatisation, ESP, Jantes aluminium, Limiteur de vitesse, Ordinateur de bord, Radar de recul, Régulateur de vitesse, Sièges cuir, Système de navigation/GPS, Toit ouvrant, Verrouillage centralisé à distance, Vitres électriques",Oui,6,diesel,zit3liercv38_16,104999,Tucson,WW au Maroc,180000,12/05/2025 13:01,Casablanca,Ferme Bretone,avito,Hyundai Veloster Diesel Automatique 2019,Automatique,2019
aad1c8f3-f14f-4ffc-991e-55c2c656fe3f,peugeot,,BADR,5,Voiture peugoet 208 modèle 2021 bon état .,Oui,6,diesel,fgd4sxja38ov_3,108200,208,,145000,12/05/2025 00:00,Agadir,Agadir,moteur,PEUGEOT  208 Active pack,Manuelle,
7dbfbb6d-02ee-429f-bc4c-3142896535bd,bmw,,AUTO EMERAUDE,5,Emeraude auto met en vente une bmw serie 520 d ww maroc full options . distronique sièges mémoires chauffants volant commande mal électrique ...... pour plus d'information merci de nous contacter,Oui,9,diesel,mg75hoti8dm0_17,34000,Serie,,,26/05/2025 00:00,Casablanca,Casablanca,moteur,BMW  Serie 5 520d,Automatique,
40915c5b-b00f-4e6e-a158-8941048f1fa8,mercedes-benz,,AUTO EMERAUDE,5,Mercedes classe c 220 en très bon état pour plus d'info contactez nous,Oui,9,diesel,habo8gpnz1zh_9,169000,Classe,,,12/05/2025 00:00,Casablanca,Casablanca,moteur,MERCEDES-BENZ  Classe c,Automatique,
e7b19dc8-2219-4485-82ec-58443cf8b3ce,nissan,Très bon,Voitures particuliers certifiées,5,,Non,8,essence,656te6nszp0l_10,47499,Qashqai,WW au Maroc,280000,12/05/2025 10:41,Casablanca,Autre secteur,avito,nissan qashqai,Automatique,2022
7abe6300-e52e-4c0e-a222-1bf32e69743f,volkswagen,,AUTO EMERAUDE,5,Véhicule en excellent état pour plus d’info contactez nous,Oui,8,diesel,2xo7dcf9t5p7_7,64000,T-roc,,,12/05/2025 00:00,Casablanca,Casablanca,moteur,VOLKSWAGEN  T-roc,Automatique,
f66f4cc7-bc96-4567-a74c-e2449556abb4,mercedes-benz,Excellent,K & H ShopBadge Icon,5,,Oui,27,essence,6opps1k7znai_23,82499,Classe GLC,Importée neuve,,12/05/2025 11:37,Casablanca,2 Mars,avito,Mercedes-Benz GLC 63s V8 essence Fuul carbon,Automatique,2019
daa11fe6-4b92-43d3-991d-385af526c28a,volkswagen,Excellent,TAMDA AUTOShopBadge Icon,5,,Non,8,hybride,e0whjzz2zju0_35,52499,Golf 8,Dédouanée,,12/05/2025 11:30,Rabat,Yacoub El Mansour,avito,GOLF 8 eHYBRID - 50.000 KM - DED 2024,Automatique,2022
8af493d6-ffcd-46ef-a2f8-1832e97569bd,volkswagen,,EL ASRI AUTO,5,Volkswagen tiguan r line modèle 2023 /11 dédouanée à 2024 tout options matricule rabat la voiture est toujours disponible à garage el asri auto sefrou,Non,8,diesel,uthvp2f9wste_29,34000,Tiguan,,,12/05/2025 00:00,Fes,Fes,moteur,VOLKSWAGEN  Tiguan,Automatique,
3b2da985-42d6-4444-82d8-db804e2325dc,audi,Excellent,Carlex AutoShopBadge Icon,5,"ABS, Airbags, CD/MP3/Bluetooth, Caméra de recul, Climatisation, ESP, Jantes aluminium, Limiteur de vitesse, Ordinateur de bord, Radar de recul, Régulateur de vitesse, Sièges cuir, Système de navigation/GPS, Toit ouvrant, Verrouillage centralisé à distance, Vitres électriques",Oui,12,diesel,qu9rgzcl7off_23,87499,Q8,WW au Maroc,,12/05/2025 13:01,Casablanca,Californie,avito,Audi Q8 Sline,Automatique,2020
2fc64f8f-569f-4446-b57f-441a3736f815,bmw,,C'ZAM AUTO,3,"M4 competition m xdrive import neuf immatriculation rabat jamais immatriculé plusieurs configurations disponibles ici au maroc reprise possible financement possible avec tout les organismes de crédit voiture disponible sur oujda appelez-nous pour plus d’informations ou de photos c’zam auto est spécialisée dans la voiture de luxe nous importons depuis plus de 10 ans nous avons grande expérience sur les voitures, alors n’hésitez pas à demander le maximum d’informations ou de questions nous pouvons aussi à commander votre voiture de rêve et bien évidemment en très peu de temps et nous aussi nous avons notre propre bureau à francfort en allemagne. n’hésitez pas si vous avez besoin d’un autre modèle ou pour un achat tout court en europe.",Oui,23,essence,pawxazfo3d60_30,4000,Serie,,,12/05/2025 00:00,Oujda,Oujda,moteur,BMW  Serie 4,Automatique,
4429721f-52f3-4e90-99b5-50e68611f3e9,bmw,Neuf,Hivernage autoShopBadge Icon,3,"ABS, Airbags, CD/MP3/Bluetooth, Caméra de recul, Climatisation, ESP, Jantes aluminium, Limiteur de vitesse, Ordinateur de bord, Radar de recul, Régulateur de vitesse, Sièges cuir, Système de navigation/GPS, Toit ouvrant, Verrouillage centralisé à distance, Vitres électriques",Oui,17,essence,wo6i0k9yl5ir_5,2499,Série 4,Importée neuve,,12/05/2025 13:01,Casablanca,Maarif,avito,BMW M4Compétition Full Carbon/Céramic(Neuve 2025),Automatique,
1e282f2b-c06f-42cf-8c2d-feaf4d4b8d16,peugeot,Excellent,Frères BenkhaddaShopBadge Icon,5,"ABS, Airbags, CD/MP3/Bluetooth, Caméra de recul, Climatisation, ESP, Jantes aluminium, Limiteur de vitesse, Ordinateur de bord, Radar de recul, Régulateur de vitesse, Sièges cuir, Verrouillage centralisé à distance, Vitres électriques",Non,8,diesel,4h7044hvqsg5_21,134999,508,WW au Maroc,,12/05/2025 12:16,Casablanca,Aïn Borja,avito,Peugeot 508 Diesel boîte automatique,Automatique,2015
5a147708-6a0f-4800-b23d-d9caef221813,renault,,AUTO HAMZA,5,سلام عليكم ورحمة الله وبركاته سيارة للبيع للمزيد من المعلومات المرجو الاتصال بنا او زيارة محلنا وشكرا,Oui,6,diesel,2mdtwhkz1jtt_11,149000,Clio,,,12/05/2025 00:00,Marrakech,Marrakech,moteur,RENAULT  Clio,Manuelle,
5f2a910e-b0f3-46e3-8e72-a892f67d916a,peugeot,Excellent,Mostafa,5,"ABS, Airbags, CD/MP3/Bluetooth, Caméra de recul, Climatisation, ESP, Jantes aluminium, Limiteur de vitesse, Radar de recul, Régulateur de vitesse, Système de navigation/GPS, Toit ouvrant, Vitres électriques",Oui,8,diesel,95ub7ff6naji_24,92499,3008,WW au Maroc,225000,12/05/2025 11:30,Sidi Kacem,Toute la ville,avito,Peugeot 3008,Automatique,2018
9f61576a-dd01-43cc-bf19-adc7a660c6a0,mercedes-benz,Excellent,Auto ChagShopBadge Icon,5,"ABS, Airbags, CD/MP3/Bluetooth, Caméra de recul, Climatisation, ESP, Jantes aluminium, Limiteur de vitesse, Ordinateur de bord, Radar de recul, Régulateur de vitesse, Sièges cuir, Système de navigation/GPS, Toit ouvrant, Verrouillage centralisé à distance, Vitres électriques",Oui,8,diesel,loy989w5ih9r_6,144999,Classe CLA,Dédouanée,,12/05/2025 13:38,Casablanca,2 Mars,avito,Mercedes-Benz - Classe CLA220d,Automatique,2020
4a51d7aa-8ad6-41b3-a31c-55649ef5ac5a,porsche,,SELECTIVE MOTORS CARS,5,Cayene coupé s full options. 5 caméras. distronic. toit panoramique. suspension pneumatique. bose sound système. vehicule full options.,Oui,17,essence,ta3lrqu1ykvb_29,54000,Cayenne,,,12/05/2025 00:00,Casablanca,Casablanca,moteur,PORSCHE  Cayenne,Automatique,
a393d019-5582-44cf-b7cc-cec0fc8f92b1,nissan,Très bon,Abderrahim,5,"ABS, Airbags, CD/MP3/Bluetooth, Climatisation, ESP, Jantes aluminium, Limiteur de vitesse, Radar de recul, Régulateur de vitesse, Verrouillage centralisé à distance, Vitres électriques",Oui,6,diesel,2pzzjzw6vwe6_28,97499,Qashqai,WW au Maroc,140000,12/05/2025 13:22,Casablanca,2 Mars,avito,vente voiture occasion,Manuelle,2013
17e07635-2e29-4d23-822a-6bd5cc74546f,ssangyong,Excellent,Auto SimoShopBadge Icon,5,"ABS, CD/MP3/Bluetooth, Climatisation, ESP, Jantes aluminium, Limiteur de vitesse, Ordinateur de bord, Radar de recul, Régulateur de vitesse, Verrouillage centralisé à distance, Vitres électriques",Non,8,diesel,fv6hilc0qfqx_22,194999,Korando,WW au Maroc,73000,12/05/2025 13:01,Casablanca,Aïn Chock,avito,Ssangyong korando Diesel,Manuelle,2012
2f54904c-5eaa-4f13-942d-fc46d7f1cb9f,hyundai,Excellent,Riad Richdy,5,,Non,9,diesel,c1ooc5ls86wu_8,224999,Santa Fe,WW au Maroc,95000,12/05/2025 10:41,Casablanca,2 Mars,avito,Hyundai Santa Fe Diesel Manuelle 2010 à Casablanca,Manuelle,2010
745f59b9-65d4-439b-842f-89d4aa527253,volkswagen,Excellent,youssef,5,"ABS, Airbags, CD/MP3/Bluetooth, Caméra de recul, Climatisation, ESP, Jantes aluminium, Limiteur de vitesse, Ordinateur de bord, Radar de recul, Régulateur de vitesse, Système de navigation/GPS, Toit ouvrant, Verrouillage centralisé à distance, Vitres électriques",,8,diesel,1xut6gbv2fqx_34,224999,Sharan,Dédouanée,229999,12/05/2025 13:22,Tanger,Autre secteur,avito,Volkswagen Sharan Diesel 2014 d 2023,Automatique,2014
16691b74-1113-44e4-bc17-223e5755a321,chery,Très bon,ANH AutoShopBadge Icon,5,,Oui,9,essence,yq6n9abe5iqh_7,7499,Tiggo 2 Pro,WW au Maroc,110000,12/05/2025 12:27,Marrakech,Massira 1,avito,Chery Tiggo 2 Essence,Manuelle,2022
d1f2638b-73db-42bf-b41f-9a2ff9bd3817,fiat,Excellent,Ba khaoula,5,,Non,7,essence,2mvfucfqplu8_29,124999,Panda,WW au Maroc,75000,12/05/2025 12:27,Agadir,Hay Mohammadi,avito,Fiat Panda Essence Manuelle 2017 à Agadir,Manuelle,2017
4a604e72-f448-4ba2-9ab3-63da1812491d,hyundai,Très bon,Automobiles chamalShopBadge Icon,5,"ABS, Airbags, CD/MP3/Bluetooth, Caméra de recul, Climatisation, ESP, Jantes aluminium, Limiteur de vitesse, Ordinateur de bord, Radar de recul, Régulateur de vitesse, Sièges cuir, Système de navigation/GPS, Toit ouvrant, Verrouillage centralisé à distance, Vitres électriques",Non,8,diesel,o4galwisglzm_6,194999,ix35,WW au Maroc,165000,12/05/2025 11:41,Tanger,Jirrari,avito,هيونداي ix35,Automatique,2013
6bb1e9b3-baeb-4f4c-b2d1-e357753f16dd,maserati,Excellent,Isaac Auto By Mly DrissShopBadge Icon,3,"ABS, Airbags, CD/MP3/Bluetooth, Caméra de recul, Climatisation, ESP, Jantes aluminium, Limiteur de vitesse, Ordinateur de bord, Radar de recul, Régulateur de vitesse, Sièges cuir, Système de navigation/GPS, Toit ouvrant, Verrouillage centralisé à distance, Vitres électriques",Oui,12,diesel,r06ud8i8vhzt_28,77499,Ghibli,WW au Maroc,,12/05/2025 19:11,Casablanca,Val Fleuri,avito,Maserati Ghibli 2015,Automatique,2015
e4e89d09-867c-47ff-89dc-c3e8cadf4939,ford,,VOITURES PARTICULIERS CERTIFIéES,5,"Ford kuga trend plus 2.0 bvm modèle 2014 avec 244505 km en vente. la voiture a été expertisée suivant 100 points de contrôles. le rapport d’expertise détaillé est disponible sur demande, garantissant la qualité et la fiabilité du véhicule.   veuillez nous contacter pour plus d'informations ou pour voir le véhicule. voiture a été expertisée suivant 100 points de contrôles. le rapport d’expertise détaillé est disponible sur demande, garantissant la qualité et la fiabilité du véhicule.   veuillez nous contacter pour plus d'informations ou pour voir le véhicule.",Non,8,diesel,292zah9bg4wg_9,249000,Kuga,,142000,12/05/2025 00:00,Casablanca,Casablanca,moteur,FORD  Kuga,Manuelle,
9321c0e7-d276-476c-b8d4-58147f445684,skoda,,AUTO AYMANE,5,Skoda kodiaq diesel toute options boîte automatique climatisation automatique volant multifonction limiteur régulateur jantes aluminium 19 pouces antibrouillard rétroviseurs rabattabel antibrouillard radar de recul avant et arrière overture et démarrage empreinte écran de bord gps caméra de recul salon cuire elc chofant mémoire 4vittres elc bleutouth projecteurs gèzeno twa ouvrant panoramique 1ère main entretien maison,Oui,8,diesel,28d34y6bw209_11,139000,Kodiaq,,,26/05/2025 00:00,Casablanca,Casablanca,moteur,SKODA  Kodiaq,Automatique,
9bb51d47-9dfe-439a-aff5-cd87450ad1ba,mercedes-benz,Excellent,oasis carsShopBadge Icon,5,"ABS, Airbags, CD/MP3/Bluetooth, Caméra de recul, Climatisation, ESP, Jantes aluminium, Limiteur de vitesse, Ordinateur de bord, Radar de recul, Régulateur de vitesse, Sièges cuir, Système de navigation/GPS, Toit ouvrant, Verrouillage centralisé à distance, Vitres électriques",Oui,12,diesel,liidypr7798v_7,52499,Classe GLE,Importée neuve,,12/05/2025 11:30,Casablanca,Oasis,avito,GLE Coupé 350 d AMG Line à Casablanca,Automatique,2018
1946e8c5-1e9d-4984-9e5b-ab52f0425ae5,nissan,Neuf,Auto_simohamedShopBadge Icon,5,"ABS, Airbags, CD/MP3/Bluetooth, Caméra de recul, Climatisation, ESP, Jantes aluminium, Limiteur de vitesse, Ordinateur de bord, Radar de recul, Régulateur de vitesse, Sièges cuir, Système de navigation/GPS, Toit ouvrant, Verrouillage centralisé à distance, Vitres électriques",Oui,6,diesel,yjet52yth268_8,224999,Qashqai,Dédouanée,125000,12/05/2025 13:05,Meknes,Hamria,avito,Nissan Qashqai Diesel Manuelle 2009 à Meknès,Manuelle,2009
5ece2495-8dfd-47e5-bcdf-263076eba5b4,land rover,Excellent,Venisia autoShopBadge Icon,5,"ABS, Airbags, CD/MP3/Bluetooth, Caméra de recul, Climatisation, ESP, Jantes aluminium, Limiteur de vitesse, Ordinateur de bord, Radar de recul, Régulateur de vitesse, Sièges cuir, Système de navigation/GPS, Toit ouvrant, Verrouillage centralisé à distance, Vitres électriques",Oui,12,diesel,h3pnfehfax8v_19,124999,Range Rover Sport,Importée neuve,,12/05/2025 13:05,Casablanca,Aïn Chock,avito,RANGE ROVER SPORT AUTOBIOGRAPHIE,Automatique,2019
37ed19b8-06fc-4c3f-b2a1-c20e9d0c81a8,audi,Excellent,Particulier,5,"ABS, Airbags, CD/MP3/Bluetooth, Caméra de recul, Climatisation, ESP, Jantes aluminium, Limiteur de vitesse, Ordinateur de bord, Radar de recul, Régulateur de vitesse, Sièges cuir, Verrouillage centralisé à distance, Vitres électriques",Oui,8,diesel,5bwuc5bxxlh1_33,114999,A4,WW au Maroc,260000,12/05/2025 11:30,Casablanca,Casablanca Finance City,avito,Belle Audi A4 premium,Automatique,2020
69014126-07f0-480d-a407-3ffca2b5d17b,porsche,,GARAGE LAHCEN,5,Garage lahcen vous propose une porsche cayenne v6 essence sport design importer neuf en tres bon etat disposant de plusieurs options toit panoramique ouvrant finition sport design camÉra 360 porte soft close & keyless go la boule d attelage auto coffre auto sonorisation bose clima digital quadrizone apple carplay pour plus d'infos visiter notre showroom au 6 bd zerktouni casablanca ou appeler mr hicham,Oui,17,essence,q4wuv71yafs9_14,94000,Cayenne,,,12/05/2025 00:00,Casablanca,Casablanca,moteur,PORSCHE  Cayenne,Automatique,
84e453bf-6d4b-4659-ae4c-41e18db24ec7,mercedes-benz,,LUXURY MOTORS AUTOMOTIVE,5,Mercedes-amg g63 grande Édition 2024 un des 1000 dans le monde ✅ moteur : v8 bi-turbo 585 cv 4 matic extérieur :manufaktur magno black intérieur : noir / surpiqûres dorées condition: nouveau - jantes dorées amg 22 pouces - finition amg doré - Étriers noirs amg - toit ouvrant électrique - calandre amg en or foncé - amg track pace - verre de confidentialité - led multifaisceaux - distronique plus - barre de remorquage - climat à 4 zones -volant alcantara amg - inserts décoratifs en fibre de carbone doré - finition intérieur doré - confort énergisant - sièges mémoire - sièges chauffants et ventilés avec fonction massage - caméras à 360 degrés - assistance aux angles morts - son 3d de burmester - lumière ambiante active,Oui,23,essence,8gse7g4dcuzm_21,4000,Classe,,,12/05/2025 00:00,Tanger,Tanger,moteur,MERCEDES-BENZ  Classe g,Automatique,
e8be63b9-2510-48c3-beb2-4bff3dc124fc,bmw,,AUTO EMERAUDE,5,Emeraude auto met en vente une bmw série 740 d importer neuve full options . distronique sièges mémoires chauffants ecran passager volant commande toit ouvrant panoramique mal électrique ...... pour plus d'information merci de nous contacter,Oui,8,diesel,wxdwqz9ehfy8_24,64000,Serie,,,26/05/2025 00:00,Casablanca,Casablanca,moteur,BMW  Serie 7,Automatique,
e99b84bc-6258-423b-8cf6-5e2c9e9bdb65,nissan,Excellent,Promorent AutoShopBadge Icon,5,"ABS, Airbags, CD/MP3/Bluetooth, Climatisation, ESP, Jantes aluminium, Limiteur de vitesse, Ordinateur de bord, Radar de recul, Régulateur de vitesse, Verrouillage centralisé à distance, Vitres électriques",Oui,6,essence,zxr1f72lw141_14,77499,Juke,WW au Maroc,,12/05/2025 10:41,Casablanca,Bourgogne,avito,Nissan Juke Automatique 2020 à Casablanca,Automatique,2020
ce8c883e-a240-4877-9eb3-769cb8af3041,ford,,KIFAL AUTOShopBadge Icon,,,,13,essence,ceyl1vp3woiy_4,104999,Mustang,,340000,12/05/2025 11:37,Casablanca,Autre secteur,avito,KIFAL - FORD Mustang Convertible,Automatique,2021
2bdc2cf4-ce06-4d49-82bb-bbfedc75ed14,land-rover,,GARAGE LAHCEN,5,Garage lahcen vous propose une range rover evoque w maroc 1ere main disposant de toit panoramique led signature feu de jour xenon bixenon camera de recul et radar av ar 4 pneu neuf... pour plus d'info visiter notre showroom au 6 bd zerktouni casablanca ou appeler mr hicham,Oui,8,diesel,n4jlvz5rk843_10,129000,Range,,,12/05/2025 00:00,Casablanca,Casablanca,moteur,LAND-ROVER  Range rover evoque,Automatique,
2ca045dd-30e4-488b-8c49-7ae6760ece9c,dacia,Excellent,Abdallah,5,"ABS, Airbags, CD/MP3/Bluetooth, Caméra de recul, Climatisation, ESP, Jantes aluminium, Limiteur de vitesse, Ordinateur de bord, Radar de recul, Régulateur de vitesse, Système de navigation/GPS, Vitres électriques",Non,7,diesel,fqmt6yyj0rfg_31,194999,Duster,WW au Maroc,155000,12/05/2025 12:27,Agadir,Hay Salam,avito,vente duster,Manuelle,2019
0f4dd13c-5d38-4650-a23b-0941df0bbdb3,skoda,,AUTO AYMANE,5,Skoda karoq diesel toute options boîte automatique climatisation automatique volant multifonction limiteur régulateur jantes aluminium 18 pouces antibrouillard rétroviseurs rabattabel caméra de recul radar de recul avant et arrière overture et démarrage empreinte écran de bord gps salon sport semi cuir 4vittres elc bleutouth les laides avant et arrière,Oui,8,diesel,40zoxymqvmwu_27,189000,Karoq,,,12/05/2025 00:00,Casablanca,Casablanca,moteur,SKODA  Karoq,Automatique,
5f2cf57b-0097-4465-b341-370b8f1cc26e,peugeot,,AUTO ABDERRAHIM,5,Peugeot 208 modèle 2019 version gt line tomobil jdida baqa kamla sbara original kelomitrage original tout options محل لبيع وشراء السيارات المعلومات موجودة في الاعلان لي مهتم مرحبا,Non,6,diesel,s9h36o866lf6_30,89000,208,,137000,12/05/2025 00:00,Marrakech,Marrakech,moteur,PEUGEOT  208,Manuelle,
b3ec1ac4-eb1d-4206-8d71-3c97799f369a,mercedes-benz,,AUTO HICHAM ERRAHMANI,5,"Bonjour je mets en vente ma voiture mercedes-benz carrée , modèle **** dédouaner 06-2013 , 2-éme main, automatique , diesel ,9 cv. bon état . pour plus d'informations n'hésitez pas de nous contacter . merci .",Non,9,diesel,ybquzmyb7yh8_4,199000,220,,,12/05/2025 00:00,Marrakech,Marrakech,moteur,MERCEDES-BENZ  220,Automatique,
b3c70b35-fffd-400c-9961-0628c0f0acd0,peugeot,,AUTO HAMZA,5,سلام عليكم ورحمة الله وبركاته سيارة للبيع للمزيد من المعلومات المرجو الاتصال بنا او زيارة محلنا وشكرا,Oui,6,diesel,hh7q8f6lyw5s_15,109000,208,,,12/05/2025 00:00,Marrakech,Marrakech,moteur,PEUGEOT  208,Automatique,
6f4598c0-f511-4fda-b4f5-ca1ca6b69287,land rover,Excellent,Soufiane,5,"ABS, Airbags, CD/MP3/Bluetooth, Caméra de recul, Climatisation, ESP, Jantes aluminium, Limiteur de vitesse, Ordinateur de bord, Radar de recul, Régulateur de vitesse, Sièges cuir, Système de navigation/GPS, Toit ouvrant, Verrouillage centralisé à distance, Vitres électriques",Oui,12,diesel,l18whb1qrvkd_2,97499,Range Rover Vogue,WW au Maroc,520000,12/05/2025 12:16,Casablanca,Polo,avito,Range Rover Vogue,Automatique,2019
7b0af3f8-23cd-4528-a287-fb1acc14dac7,opel,Excellent,Taha WadiiShopBadge Icon,5,"ABS, Airbags, CD/MP3/Bluetooth, Caméra de recul, Climatisation, ESP, Jantes aluminium, Limiteur de vitesse, Ordinateur de bord, Radar de recul, Régulateur de vitesse, Système de navigation/GPS, Verrouillage centralisé à distance, Vitres électriques",Non,6,diesel,2oc0mg82qag6_8,174999,Astra,Importée neuve,,12/05/2025 13:24,Rabat,Hassan,avito,Opel asta,Manuelle,2018
2ad560d1-331d-40b8-b6a3-5efc55036255,fiat,Excellent,adil,5,"ABS, Airbags, CD/MP3/Bluetooth, Jantes aluminium, Limiteur de vitesse, Régulateur de vitesse, Verrouillage centralisé à distance",Non,6,essence,fa41lpby6equ_26,124999,Panda,WW au Maroc,86000,12/05/2025 12:27,Tanger,Branes 2,avito,Fiat panda très neuf,Manuelle,2018
bb49ab8c-5ebd-4d32-8173-4a265d1ffb9e,ds,,AUTO AYMANE,5,Ds 7 diesel toute options boîte automatique climatisation automatique volant multifonction limiteur régulateur jantes aluminium 18 pouces antibrouillard rétroviseurs rabattabel caméra de recul écran de bord gps radar de recul avant et arrière salon cuire elc chofant mémoire twa ouvrant panoramique projecteurs gèzeno démarrage et ouverture emprante 1ère main entretien maison,Oui,8,diesel,smstb5ilc0mb_2,169000,Autre,,,26/05/2025 00:00,Casablanca,Casablanca,moteur,DS  Autre Revoli,Automatique,
04051258-f94b-4861-9a32-c4360c950fe5,bmw,,AUTO HICHAM ERRAHMANI,5,"Bonjour je mets en vente ma voiture bmw serie , modèle 08-2020 , automatique , 2-éme main ,8 cv. diesel. pour plus d'informations n'hésitez pas de nous contacter . merci .",Non,8,diesel,tfqpbp20ecco_5,109000,Serie,,,12/05/2025 00:00,Marrakech,Marrakech,moteur,BMW  Serie 5,Automatique,
1f6579ce-792a-4996-8a7e-45be92c9d642,citroen,,STELLANTIS &YOU CASABLANCA,,Citroen c3 feel essence automatique garantie constructeur : 3 ans / 100.000 km à partir de la date de mec date de mise en circulation : novembre 2023 kilometrage : 18.000 km stellantis&you met en vente un véhicule d’occasion quasi neuf. le véhicule a été vérifié dans nos ateliers et soumis à un contrôle rigoureux possibilité de reprise de votre véhicule et financement à crédit.,Oui,7,essence,us7mmv7md922_22,19000,C3,,159000,12/05/2025 00:00,Casablanca,Casablanca,moteur,CITROEN  C3,Automatique,
b03db878-8905-48d9-a08b-063afe893851,porsche,,LEVING AUTO,2,porsche boxter edition limitee ****  \\nrs60 spyder,Oui,19,essence,hnizayxf90ut_12,44000,Boxster,,,12/05/2025 00:00,Casablanca,Casablanca,moteur,PORSCHE  Boxster Porsche boxter…,Manuelle,
2d51f5ca-4f72-48cd-b83f-4cb7abff508e,opel,,KIFAL AUTO,,"Référence kifal : #veh0000xf2 kifal auto s'occupe de la vente d'une opel mokka x i - ph1 - 1.6 cdti dynamic bva 136ch pour le compte de son client particulier. la voiture est expertisée suivant 150 points de contrôles et ne présente pas d'accident ou de blocage administratif. kifal auto n'a pas de garage, la voiture est chez son propriétaire à casablanca. il n'y a pas de frais pour l'acheteur. veuillez nous contacter pour plus d'informations ou pour voir le véhicule. marque : opel modele : mokka x version : 2019 carburant : diesel transmission : automatique kilométrage : 157 697 km mise en circulation : 01-2019 1ere main : oui origine : ww maroc.",Non,6,diesel,m72q1gr56072_2,159000,Mokka,,160000,12/05/2025 00:00,Casablanca,Casablanca,moteur,OPEL  Mokka,Automatique,
4cc864cf-3c0e-4aa4-9298-0754b71bf68e,mercedes-benz,,GARAGE LAHCEN,5,Garage lahcen vous propose une mercedes benz cls 400d toujours 1ere main w maroc disposant de plusieurs options sonorisation burmester toit panoramique ouvrant siege cuir memoire volant cuir multifonctions limiteur et cruise control ecran tactile camera 360 et radar av ar coffre auto led feu de jour eclairage ambian palette au volant pour plus d' infos visiter notre showroom au 6 bd zerktouni casablanca ou appeler mr hicham,Oui,12,diesel,m8i7v3t3c230_24,99000,Classe,,,12/05/2025 00:00,Casablanca,Casablanca,moteur,MERCEDES-BENZ  Classe cls,Automatique,
556d7fc1-a698-4758-8e65-f42a72cba33b,mercedes-benz,Excellent,auto chaouiShopBadge Icon,5,"ABS, Airbags, CD/MP3/Bluetooth, Caméra de recul, Climatisation, ESP, Jantes aluminium, Limiteur de vitesse, Ordinateur de bord, Radar de recul, Régulateur de vitesse, Sièges cuir, Système de navigation/GPS, Toit ouvrant, Verrouillage centralisé à distance, Vitres électriques",Oui,8,diesel,qaxvu2cdgkoy_9,194999,Classe E,Importée neuve,,12/05/2025 13:25,Rabat,Hay el Fath,avito,Mercedes-Benz Classe E Diesel Automatique 2017,Automatique,2017
106009b0-ec36-418e-8567-1ab399cd489e,mercedes-benz,,AUTO 212,5,"Vehicule en parfait état 03/ 2021 compteur 60 900 km, avec 7 airbags,jante alu 19, retro électriques t caméra de recul, car play, xénon.....avec 3 mois de garantie possible de crédit avec la banque",Non,8,diesel,xqark1yo4xwe_16,54000,Classe,,,12/05/2025 00:00,Casablanca,Casablanca,moteur,MERCEDES-BENZ  Classe gle,Automatique,
6e39f479-44f3-45e5-943f-c884b25c5cd9,lancia,,LAACHIRI AUTO,5,Très propre lancia thema (chrysler c300) 3.0d v6 la full de la gamme executive   239ch sur commande couleur d origine marron chocolat covering satin black 1Ère main. motorisation identique à maserati levante et jeep grand cherokee.(toute les pièces de rechanges sont disponibles à la maison et ailleurs). boite automatique .  palettes au volant. angle mort. montre centrale. keyless go (ouverture et fermeture sans clé).  réglage volant électrique. stort arrière électrique. distronic freinage d'urgence.  navigation  2 portes gobelet chaufant et réfrigérant. régulateur de vitesse adaptatif. cruise adaptatif. démarrage start and stop. parctronic  360°. camera 180. sonorisation alpin .  climatisation digitale bizone.   sièges électriques à memoires avec massage lambaire. sièges chauffants . sièges ventilés. sièges arrière chaufants. rétroviseurs électriques rabatable. inteligent light system led avant et arrière. tout les révisions sont faites à jour. la voiture est disponible au showroom laachiri auto.,Oui,12,diesel,1qr4nw06it17_16,159000,Thema,,175000,12/05/2025 00:00,Tanger,Tanger,moteur,LANCIA  Thema,Automatique,
7aa09d1b-f3a8-4fb1-aa4e-8e316a91a9e0,land rover,Excellent,RHZIOUALShopBadge Icon,5,"ABS, Airbags, CD/MP3/Bluetooth, Caméra de recul, Climatisation, ESP, Jantes aluminium, Limiteur de vitesse, Ordinateur de bord, Radar de recul, Régulateur de vitesse, Sièges cuir, Système de navigation/GPS, Toit ouvrant, Verrouillage centralisé à distance, Vitres électriques",Non,8,diesel,evtv53dwaopq_4,154999,Range Rover Evoque,Dédouanée,280000,12/05/2025 19:11,Fes,Centre,avito,Range rover Evoque Diwana 2022,Automatique,2016
00123c43-c259-4c77-b30b-9920162d06d5,mercedes-benz,Neuf,PDAShopBadge Icon,5,"ABS, Airbags, CD/MP3/Bluetooth, Caméra de recul, Climatisation, ESP, Jantes aluminium, Limiteur de vitesse, Ordinateur de bord, Radar de recul, Régulateur de vitesse, Sièges cuir, Système de navigation/GPS, Toit ouvrant, Verrouillage centralisé à distance, Vitres électriques",Oui,9,diesel,csdp4qd4ixc6_14,2499,Classe A,Importée neuve,,12/05/2025 19:11,Casablanca,Riviera,avito,Mercedes Class A 220 AMG Line plus 0km 2025,Automatique,2025
d754903c-9ac3-4f95-9227-61d610e60ed7,chery,Excellent,YASSINE,5,"ABS, Airbags, Climatisation, ESP, Limiteur de vitesse, Radar de recul, Régulateur de vitesse, Sièges cuir, Verrouillage centralisé à distance, Vitres électriques",Oui,8,essence,h8bj1509xt6w_18,12499,Tiggo 2 Pro,WW au Maroc,109000,12/05/2025 13:23,Marrakech,Azli,avito,TIGGO 2 PRO 12/22 premier main,Manuelle,2022
d2bae558-f579-44a6-9e7c-33f04ac687b9,kia,Excellent,SIMA AUTOShopBadge Icon,5,"ABS, Airbags, CD/MP3/Bluetooth, Caméra de recul, Climatisation, ESP, Jantes aluminium, Limiteur de vitesse, Ordinateur de bord, Radar de recul, Régulateur de vitesse, Système de navigation/GPS, Verrouillage centralisé à distance, Vitres électriques",Non,6,essence,tkq9f5p91h15_31,62499,Picanto,WW au Maroc,,12/05/2025 11:30,Rabat,Hay Riad,avito,Kia Picanto Essence Manuelle 2022 à Rabat,Manuelle,2022
3d278a09-6cfd-4767-80a2-58dcc6fbe9da,honda,Très bon,mohamed,5,"ABS, Airbags, CD/MP3/Bluetooth, Caméra de recul, Climatisation, ESP, Jantes aluminium, Limiteur de vitesse, Ordinateur de bord, Radar de recul, Régulateur de vitesse, Sièges cuir, Verrouillage centralisé à distance, Vitres électriques",Non,20,essence,86uhj6vgltf1_21,114999,CR-X,WW au Maroc,85000,12/05/2025 13:23,Unknown,Marrakech,avito,Honda MRV pilot BVA Essence,Automatique,2004
e5c3e7e1-ac7e-45b5-b73c-b21b70ec4b8d,volkswagen,,AUTO EMERAUDE,5,Véhicule en excellent état pour plus d’info contactez nous,Oui,8,diesel,mxb5a5n9so2z_5,44000,Golf,,,12/05/2025 00:00,Casablanca,Casablanca,moteur,VOLKSWAGEN  Golf 8,Automatique,
c39b3c74-b48c-403b-9e13-6bc29fbd970b,nissan,Très bon,Yahya,5,"ABS, Airbags, CD/MP3/Bluetooth, Climatisation, Limiteur de vitesse, Radar de recul, Régulateur de vitesse, Verrouillage centralisé à distance, Vitres électriques",Oui,6,diesel,lporkhxj6qg2_20,124999,Qashqai,WW au Maroc,130000,12/05/2025 10:41,Casablanca,La Gironde,avito,Nissan Qashqai Diesel Manuelle 2012 à Casablanca,Manuelle,2012
2e4a003b-5c48-49d7-8b3a-8f14a0a86869,mercedes-benz,,FAJRINE AUTO,5,Mercedes gle 350 d en très bon état tt options à découvrir contactez-nous dès aujourd’hui,Oui,12,diesel,v408932529yi_27,129000,Classe,,,12/05/2025 00:00,Casablanca,Casablanca,moteur,MERCEDES-BENZ  Classe gle,Automatique,
c8068e48-4f22-4f26-8c62-e4299933b363,ford,Excellent,said,5,"ABS, Airbags, CD/MP3/Bluetooth, Caméra de recul, Climatisation, ESP, Jantes aluminium, Limiteur de vitesse, Ordinateur de bord, Radar de recul, Régulateur de vitesse, Sièges cuir, Système de navigation/GPS, Verrouillage centralisé à distance, Vitres électriques",Non,8,diesel,ij5nyducw4no_28,174999,Kuga,WW au Maroc,165000,12/05/2025 13:35,Casablanca,Ain Sebaa,avito,ford kuga 2016,Manuelle,2016
c78bac73-e208-4c56-bbe9-e770c070ee20,volvo,Neuf,anouar,5,"ABS, Airbags, CD/MP3/Bluetooth, Climatisation, ESP, Jantes aluminium, Limiteur de vitesse, Ordinateur de bord, Radar de recul, Régulateur de vitesse, Verrouillage centralisé à distance, Vitres électriques",Non,8,diesel,41322l0s2wl7_21,144999,V40,WW au Maroc,175000,12/05/2025 19:11,Rabat,Hay Riad,avito,volvo v40 etat neuf,Automatique,2019
f17e8422-781e-4750-879d-0b4a8a347433,kia,Excellent,Ashraf Khiyat,,,Oui,9,diesel,phc4ybad5iif_3,87499,Seltos,WW au Maroc,,12/05/2025 12:27,Oujda,Centre Ville,avito,Kia Seltos Diesel Automatique 2021 à Oujda,Automatique,2021
cb2c5e93-3523-4db7-a576-b7d4128485e6,kia,Très bon,abderrahim,5,"ABS, Airbags, CD/MP3/Bluetooth, Climatisation, ESP, Limiteur de vitesse, Ordinateur de bord, Régulateur de vitesse, Sièges cuir, Système de navigation/GPS, Verrouillage centralisé à distance, Vitres électriques",Non,6,essence,85s6nvdrjxr8_5,97499,Picanto,WW au Maroc,,12/05/2025 12:27,Sale,Cité Militaire,avito,Picanto 2022 essence,Manuelle,2022
26705676-ae10-4d29-a516-df5e4799e25a,mercedes-benz,,HIVERNAGE AUTO,5,Couleur spécial gris magno full options,Oui,8,hybride,fe09uy9tviiz_5,4000,Classe,,,12/05/2025 00:00,Casablanca,Casablanca,moteur,MERCEDES-BENZ  Classe glc,Automatique,
d1e83b45-ccf7-4f98-8594-b9822fa57052,mercedes-benz,Neuf,Abdo,5,"ABS, Airbags, CD/MP3/Bluetooth, Caméra de recul, Climatisation, ESP, Jantes aluminium, Limiteur de vitesse, Ordinateur de bord, Radar de recul, Régulateur de vitesse, Sièges cuir, Système de navigation/GPS, Verrouillage centralisé à distance, Vitres électriques",Oui,9,diesel,8sdt1ggc6o99_22,104999,Classe CLA,WW au Maroc,290000,12/05/2025 12:16,Rabat,Autre secteur,avito,Mercedes-Benz CLA 220D 12/2018 BVA Diesel à Rabat,Automatique,2018
cda2da8c-ff18-4382-92f4-899e79b2ae46,volvo,Excellent,LAACHIRI AUTOShopBadge Icon,5,,Oui,8,diesel,eqxs2rnu9ine_16,144999,S90,WW au Maroc,275000,12/05/2025 11:30,Tanger,Californie,avito,1ÈRE MAIN VOLVO S90 D5 INSCRIPTION 4WD,Automatique,
e92f7452-86d1-4f84-bc0a-fde7a339e643,skoda,,AUTO AYMANE,5,Skoda kamiq diesel manuel volant multifonction limiteur régulateur jantes aluminium 4vittres elc bleutouth écran de bord gps radar de recul avant et arrière rétroviseur elc antibrouillard les laides avant et arrière démarrage empreinte caméra de recul salon sport 1ère main entretien maison,Oui,6,diesel,2j8dl16jxo78_24,169000,Kamiq,,,12/05/2025 00:00,Casablanca,Casablanca,moteur,SKODA  Kamiq,Manuelle,
393758c8-c17e-42a0-b0dc-942e2495527b,mercedes-benz,Excellent,Auto Al FathShopBadge Icon,5,"ABS, Airbags, CD/MP3/Bluetooth, Caméra de recul, Climatisation, ESP, Jantes aluminium, Limiteur de vitesse, Ordinateur de bord, Radar de recul, Régulateur de vitesse, Sièges cuir, Système de navigation/GPS, Toit ouvrant, Verrouillage centralisé à distance, Vitres électriques",Oui,4,diesel,4dxxayj1qr80_25,2499,Classe E,Importée neuve,,12/05/2025 13:23,Rabat,Yacoub El Mansour,avito,Mercedes-Benz Classe E 220d pack AMG plus 2025,Automatique,2025
f7002550-9489-4b2f-a895-832bc1006b63,volkswagen,,KIFAL AUTO,,"Référence kifal : #veh0000xv3 kifal auto s'occupe de la vente d'une volkswagen t-roc i - ph2 - 2.0 tdi sport bva 143ch pour le compte de son client particulier. la voiture est expertisée suivant 150 points de contrôles et ne présente pas d'accident ou de blocage administratif. kifal auto n'a pas de garage, la voiture est chez son propriétaire à casablanca. il n'y a pas de frais pour l'acheteur. veuillez nous contacter pour plus d'informations ou pour voir le véhicule. marque : volkswagen modele : t-roc version : 2022 carburant : diesel transmission : automatique kilométrage : 31 142 km mise en circulation : 12-2022 1ere main : oui origine : ww maroc.",Non,8,diesel,b7n66oxs7vf9_21,34000,T-roc,,315000,12/05/2025 00:00,Casablanca,Casablanca,moteur,VOLKSWAGEN  T-roc,Automatique,
c80364eb-780d-4d85-9d5a-a84632f5e7d6,peugeot,,STELLANTIS &YOU CASABLANCA,5,"Peugeot 3008 allure diesel garantie 12 mois ou 50.000 km date mise en circulation : octobre 2022 kilometrage : 18.000 km stellantis&you met en vente un véhicule d’occasion quasi neuf. le véhicule a été vérifié dans nos ateliers et soumis à un contrôle rigoureux avec essai dynamique sur route. possibilité de reprise et financement à crédit. pour plus d'information , veuillez contacter stellantis&you",Oui,8,diesel,jf7gtbh7jhsm_25,19000,3008,,295000,26/05/2025 00:00,Casablanca,Casablanca,moteur,PEUGEOT  3008,Automatique,
6f35c9da-19d8-497b-8f95-e3a17c805720,abarth,,STELLANTIS &YOU CASABLANCA,3,"Abarth tourismo avec toit ouvrant et cuire garantie 12 mois ou 50.000 km mise en circulation : janvier 2018 kilometrage : 45.600 km le véhicule a été vérifié dans nos ateliers et soumis à un contrôle rigoureux avec essai dynamique sur route. possibilité de reprise et financement à crédit. pour plus d'information , veuillez contacter stellantis&you",Non,8,essence,qrchdnfnn9ax_23,49000,595,,182000,12/05/2025 00:00,Casablanca,Casablanca,moteur,ABARTH  595,Automatique,
eec4fc1c-5ea2-40eb-8ef3-76ba454ef64c,mercedes-benz,,GT AUTO,5,"Gt drive mets en vente une mercedes classe c 220d diesel siège cuir élé/chauf/vont/mémoire, phare double laz ligne, caméra 360° disq-tronic plus, volant multifonctions avec palettes, clim digital bisonne, sonorisation,détecteur de lumière,soft close, jantes alumin,toit ouvrant panoramique et pleins d'autre options pour plus d'information contacter nous",Oui,9,diesel,xaqnakuwlbvi_1,14000,Classe,,,12/05/2025 00:00,Casablanca,Casablanca,moteur,MERCEDES-BENZ  Classe c,Automatique,
75acaf99-0c48-4bae-9825-c00f4bb921c8,peugeot,Excellent,AUTO ERACHIDIA 3ShopBadge Icon,5,"ABS, Airbags, CD/MP3/Bluetooth, Caméra de recul, Climatisation, ESP, Jantes aluminium, Limiteur de vitesse, Ordinateur de bord, Radar de recul, Régulateur de vitesse, Sièges cuir, Système de navigation/GPS, Toit ouvrant, Verrouillage centralisé à distance, Vitres électriques",Oui,6,diesel,6h1h1ocvxj06_6,47499,208,WW au Maroc,,12/05/2025 13:01,Rabat,Hay Riad,avito,Peugeot 208 2023,Manuelle,2024
b59c3165-4eef-4fa5-be88-e94ba20c5fee,mercedes-benz,,MINT LUXE AUTO,5,A vendre mercedes classe a 220d pack amg line plus importee neuve en 2024 1500 km pour plus d’informationscontactez nous,Oui,8,diesel,nqpa3oc4iuiz_15,4000,Classe,,635000,12/05/2025 00:00,Marrakech,Marrakech,moteur,MERCEDES-BENZ  Classe cla,Automatique,
c60050d2-ab3b-43c5-804f-81f7bb28dbb4,hyundai,,VOITURES PARTICULIERS CERTIFIéES,5,"•avito / moteur.ma vous proposer : •hyundai - i30 **** km - année 2021 en vente. •véhicule en excellent état •la voiture a été expertisée suivant plus de 50 points de contrôles. •le rapport d’expertise détaillé est disponible sur demande, garantissant la qualité et la fiabilité du véhicule. •le financement est disponible auprès de wafasalaf veuillez nous contacter pour plus d'informations ou pour voir le véhicule.",Non,6,diesel,kxh4vfmx4vub_17,49000,I30,,188001,12/05/2025 00:00,Casablanca,Casablanca,moteur,HYUNDAI  I30,Manuelle,
6a204ba6-eabb-4212-8000-1a70ed133d53,dacia,Excellent,TGV AUTOShopBadge Icon,5,"ABS, Airbags, CD/MP3/Bluetooth, Caméra de recul, Climatisation, ESP, Jantes aluminium, Limiteur de vitesse, Ordinateur de bord, Radar de recul, Régulateur de vitesse, Système de navigation/GPS, Verrouillage centralisé à distance, Vitres électriques",Oui,6,diesel,qtqwyub2rzpu_9,104999,Duster,WW au Maroc,,12/05/2025 13:38,Casablanca,Belvédère,avito,Dacia Duster Diesel Automatique 2022 à Casablanca,Automatique,2022
c4d8fb86-0a0e-436e-9810-f3793c3f9687,peugeot,Excellent,abosami autoShopBadge Icon,5,"ABS, Airbags, CD/MP3/Bluetooth, Caméra de recul, Climatisation, ESP, Jantes aluminium, Limiteur de vitesse, Radar de recul, Régulateur de vitesse, Sièges cuir, Système de navigation/GPS, Verrouillage centralisé à distance, Vitres électriques",Oui,8,diesel,fyt9i58afn5i_12,92499,5008,WW au Maroc,203000,12/05/2025 13:05,Casablanca,Autre secteur,avito,Peugeot 5008 Diesel Automatique,Automatique,2019
9af06ab2-e8a4-4498-a23e-493b6570cc8a,audi,Excellent,yassineShopBadge Icon,,,,8,diesel,qadbl7f7ds08_8,164999,Q3,Dédouanée,,12/05/2025 11:37,Casablanca,Aïn Chock,avito,Audi Q3 sportback pack S line 2022,Automatique,2022
0d34fca4-e9f5-4890-a23e-18b110e65040,ford,Très bon,DALLOUL MOUNIR,5,"Caméra de recul, Climatisation, Radar de recul",Oui,6,diesel,9ns007dog9vp_21,124999,Fiesta,WW au Maroc,125000,12/05/2025 10:41,Casablanca,Nassim,avito,Ford Fiesta,Manuelle,2018
fcc275dd-8456-44b3-a44f-379f14c1a4c4,skoda,Excellent,VIP Auto TangerShopBadge Icon,5,"ABS, Airbags, CD/MP3/Bluetooth, Caméra de recul, Climatisation, ESP, Jantes aluminium, Limiteur de vitesse, Ordinateur de bord, Radar de recul, Régulateur de vitesse, Sièges cuir, Système de navigation/GPS, Verrouillage centralisé à distance, Vitres électriques",Oui,8,diesel,xfucj54leoz9_13,22499,Octavia,WW au Maroc,315000,12/05/2025 13:01,Tanger,Mozart,avito,Skoda Octavia 2.0 TDi 150 DSG7 2023 Full 1 ère ✋️,Automatique,2023
ed12f38c-60fc-4963-9d3b-f65107ff693c,ford,,BADR,,Ford fiesta trend plus diesel 2012 km : 138000,Non,6,diesel,kguz3wl6foz2_29,138000,Fiesta,,87000,26/05/2025 00:00,Sale,Sale,moteur,FORD  Fiesta Trend plus,Manuelle,
e6505d32-b1e8-417b-bddb-11c7a4cf8091,peugeot,Neuf,Auto ErrachidiaShopBadge Icon,5,"ABS, Airbags, CD/MP3/Bluetooth, Caméra de recul, Climatisation, ESP, Jantes aluminium, Limiteur de vitesse, Ordinateur de bord, Radar de recul, Régulateur de vitesse, Sièges cuir, Système de navigation/GPS, Toit ouvrant, Verrouillage centralisé à distance, Vitres électriques",Oui,8,diesel,w9ualuyeyhvo_33,52499,2008,WW au Maroc,,12/05/2025 11:37,Rabat,Hay Riad,avito,Peugeot 2008 GT LINE,Automatique,
c5e00a69-eb0c-44c4-8e3c-aabd4c34ba3f,peugeot,,Boutique ShopBadge Icon,5,"ABS, Airbags, CD/MP3/Bluetooth, Caméra de recul, Climatisation, ESP, Jantes aluminium, Limiteur de vitesse, Ordinateur de bord, Radar de recul, Régulateur de vitesse, Sièges cuir, Système de navigation/GPS, Toit ouvrant, Verrouillage centralisé à distance, Vitres électriques",Oui,8,diesel,jrauppu0ya9a_30,47499,3008,WW au Maroc,,12/05/2025 11:30,Casablanca,2 Mars,avito,Peugeot 3008 Diesel Automatique 2020 à Casablanca,Automatique,2020
08312b84-4dab-416f-aa18-cc9a5b87627e,porsche,Excellent,GTS autoShopBadge Icon,5,,Oui,12,diesel,eer6j88znecx_14,154999,Cayenne,Dédouanée,,12/05/2025 11:30,Casablanca,Californie,avito,Porsche Cayenne Diesel,Automatique,2015
52b5b9f4-fe1c-4d43-a3f2-4f3a5f854e8f,renault,,COMPLEX AUTO,5,Renault clio 2021,Oui,6,essence,ubetbt0y23s7_7,47000,Clio,,,26/05/2025 00:00,Casablanca,Casablanca,moteur,RENAULT  Clio,Automatique,
38b649cc-a0fa-43ac-bd3f-a6ae30c9bd40,citroën,Bon,Voitures particuliers certifiées,5,,Oui,6,diesel,f9cds1rqkav6_9,52499,C4,WW au Maroc,159000,12/05/2025 10:41,Casablanca,Bourgogne,avito,citroen c4,Manuelle,2019
93ae155c-160b-472c-a83b-4d212814a307,hyundai,Excellent,Global occazShopBadge Icon,5,,,6,diesel,73a5368dxa90_4,82499,Tucson,WW au Maroc,333000,12/05/2025 13:01,Casablanca,Ain Sebaa,avito,Hyundai Tucson Diesel Automatique 2022,Automatique,2022
caa5a8ed-7a57-4496-9ed4-87f534adb275,land-rover,,GARAGE LAHCEN,5,Garage lahcen vous propose une land rover range rover vogue garantie maison pour plus d'info visiter notre showroom au 6 bd zerktouni casablanca ou appeler mr hicham,Oui,12,diesel,3t6izqph34d1_25,4000,Range,,,12/05/2025 00:00,Casablanca,Casablanca,moteur,LAND-ROVER  Range rover vogue,Automatique,
ea91612f-53d7-49e2-84fb-929f235947d7,porsche,Neuf,BEL AIR AUTOShopBadge Icon,5,"ABS, Airbags, CD/MP3/Bluetooth, Caméra de recul, Climatisation, ESP, Jantes aluminium, Limiteur de vitesse, Ordinateur de bord, Radar de recul, Régulateur de vitesse, Sièges cuir, Système de navigation/GPS, Toit ouvrant, Verrouillage centralisé à distance, Vitres électriques",Oui,17,hybride,weux5vq1jwci_22,32499,Cayenne,Importée neuve,,12/05/2025 13:34,Casablanca,Maarif,avito,Porsche Cayenne Coupé Hybride 30.000km 2025,Automatique,2025
61730ca6-d725-4392-93a1-3079ad119273,seat,Neuf,AutoconfianceShopBadge Icon,5,"ABS, Airbags, CD/MP3/Bluetooth, Caméra de recul, Climatisation, ESP, Jantes aluminium, Limiteur de vitesse, Ordinateur de bord, Radar de recul, Régulateur de vitesse, Système de navigation/GPS, Verrouillage centralisé à distance, Vitres électriques",Non,6,essence,v53mj50wzwlf_26,42499,Ibiza,WW au Maroc,,12/05/2025 11:30,Marrakech,Sanaoubar,avito,Seat Ibiza White edition Essence,Manuelle,2022
963e029d-4264-4319-a880-e96ebc28c226,audi,,C'ZAM AUTO,5,"Rs3 import neuf immatriculation rabat jamais immatriculé plusieurs configurations disponibles ici au maroc reprise possible financement possible avec tout les organismes de crédit voiture disponible sur oujda appelez-nous pour plus d’informations ou de photos c’zam auto est spécialisée dans la voiture de luxe nous importons depuis plus de 10 ans nous avons grande expérience sur les voitures, alors n’hésitez pas à demander le maximum d’informations ou de questions nous pouvons aussi à commander votre voiture de rêve et bien évidemment en très peu de temps et nous aussi nous avons notre propre bureau à francfort en allemagne. n’hésitez pas si vous avez besoin d’un autre modèle ou pour un achat tout court en europe.",Oui,14,essence,fk00m2gh63bt_1,4000,A3,,,12/05/2025 00:00,Oujda,Oujda,moteur,AUDI  A3,Automatique,
bfbec2f2-89cf-41f3-a07a-a3d26c8be894,mercedes-benz,Excellent,yassineShopBadge Icon,5,"ABS, Airbags, CD/MP3/Bluetooth, Caméra de recul, Climatisation, ESP, Jantes aluminium, Limiteur de vitesse, Ordinateur de bord, Radar de recul, Régulateur de vitesse, Sièges cuir, Système de navigation/GPS, Toit ouvrant, Verrouillage centralisé à distance, Vitres électriques",Oui,8,diesel,bwcvlt4i96m4_20,2499,Classe C,Dédouanée,,12/05/2025 11:30,Casablanca,Aïn Chock,avito,Mercedes C220 AMG line plus,Automatique,2023
1f479f01-51fd-4269-9bb3-db6687376424,mercedes-benz,Excellent,Marouane Auto ShopBadge Icon,5,"ABS, Airbags, CD/MP3/Bluetooth, Caméra de recul, Climatisation, ESP, Jantes aluminium, Limiteur de vitesse, Ordinateur de bord, Radar de recul, Régulateur de vitesse, Sièges cuir, Système de navigation/GPS, Toit ouvrant, Verrouillage centralisé à distance, Vitres électriques",Oui,17,essence,7789hgc01ubz_9,92499,Classe GLC,Dédouanée,,12/05/2025 19:11,Casablanca,Belvédère,avito,Mercedes-Benz Classe GLC 45,Automatique,2017
b139bcfe-0ba9-4765-839a-3e3d1aaeb3ac,jeep,Excellent,LAACHIRI AUTOShopBadge Icon,5,"ABS, Airbags, CD/MP3/Bluetooth, Caméra de recul, Climatisation, ESP, Jantes aluminium, Limiteur de vitesse, Ordinateur de bord, Radar de recul, Régulateur de vitesse, Sièges cuir, Système de navigation/GPS, Verrouillage centralisé à distance, Vitres électriques",Oui,8,diesel,61yf6g5owpxj_16,97499,Renegade,Dédouanée,,12/05/2025 19:11,Tanger,Californie,avito,Full LIMITED JEEP RENEGADE 2.0D 4x4,Automatique,
ec6cd9ad-e496-4536-9440-12c374d2fa2d,toyota,Excellent,Venisia autoShopBadge Icon,,"ABS, Airbags, CD/MP3/Bluetooth, Caméra de recul, Climatisation, ESP, Jantes aluminium, Limiteur de vitesse, Ordinateur de bord, Radar de recul, Régulateur de vitesse, Sièges cuir, Système de navigation/GPS, Toit ouvrant, Verrouillage centralisé à distance, Vitres électriques",Oui,10,diesel,bw1w4ft3irz7_17,87499,Corolla,WW au Maroc,,12/05/2025 13:01,Casablanca,Aïn Chock,avito,Toyota corolla crosse,Automatique,2020
76b676d9-7066-48d5-b3e7-b2f92d0dd9ea,dacia,Très bon,Auto palaceShopBadge Icon,5,"CD/MP3/Bluetooth, Caméra de recul, Climatisation, Verrouillage centralisé à distance, Vitres électriques",,8,essence,wbax36t5zw31_21,194999,Logan,WW au Maroc,,12/05/2025 13:01,Casablanca,Aïn Chock,avito,دسيا مليح جمي كسيدا عمرا,Manuelle,2005
c496829f-353b-4b2b-8a0e-95b2e8f4f8a0,renault,Très bon,Garage MedyounaShopBadge Icon,5,,Non,6,diesel,mkxo8kted50t_18,194999,Kangoo,WW au Maroc,,12/05/2025 13:01,Marrakech,Route d'Agadir - Essaouira,avito,رونو كونكو 12.2014,Manuelle,2014
fdf82e91-b4fb-4a22-b832-c1a387ba7eab,jeep,Très bon,Automobiles chamalShopBadge Icon,5,"ABS, Airbags, CD/MP3/Bluetooth, Caméra de recul, Climatisation, ESP, Jantes aluminium, Limiteur de vitesse, Ordinateur de bord, Radar de recul, Régulateur de vitesse, Sièges cuir, Système de navigation/GPS, Verrouillage centralisé à distance, Vitres électriques",Non,12,diesel,tyicpjo0dtpo_27,114999,Grand Cherokee,WW au Maroc,156000,12/05/2025 11:37,Tanger,Jirrari,avito,جيب شيروكي كبيرjeep cheroki,Automatique,2016
826f03cd-9f64-4abf-a4f1-47c84d9f44ba,toyota,Excellent,IDOSCAR OCCAZShopBadge Icon,5,"ABS, Airbags, CD/MP3/Bluetooth, Caméra de recul, Climatisation, ESP, Jantes aluminium, Limiteur de vitesse, Ordinateur de bord, Radar de recul, Régulateur de vitesse, Système de navigation/GPS, Verrouillage centralisé à distance, Vitres électriques",Oui,10,hybride,lrde96elq19x_10,42499,C-HR,WW au Maroc,237000,12/05/2025 13:38,Sale,Sala El Jadida,avito,Toyota CHR hybride 2022 automatique,Automatique,2022
f68c5eca-13a4-413a-8b95-bdcfeb497c2a,dacia,Très bon,ADIL BAK,5,"ABS, CD/MP3/Bluetooth, Caméra de recul, Climatisation, ESP, Jantes aluminium, Limiteur de vitesse, Ordinateur de bord, Radar de recul, Régulateur de vitesse, Système de navigation/GPS, Verrouillage centralisé à distance, Vitres électriques",Non,6,diesel,7wl8ttkkwss8_32,57499,Duster,WW au Maroc,192000,12/05/2025 13:22,Taounate,Toute la ville,avito,داسيا داستر ديزل يدوي 2021 في تاونات,Manuelle,2021
9ca85d8c-3ae8-483d-b265-233954075b3d,fiat,Excellent,ayoub ibrahimi,5,"ABS, CD/MP3/Bluetooth, ESP, Limiteur de vitesse, Régulateur de vitesse",Non,15,diesel,26ycv0r7370b_29,2499,Palio,WW au Maroc,,12/05/2025 13:35,Al Hoceima,Toute la ville,avito,Fiat Palio,Manuelle,2000
89df8c92-3da3-4180-a40c-adb1a3bf5703,jaguar,,FAJRINE AUTO,5,Jaguar e pace tt options en très très bon état 2 ère main est disponible pour plus d’informations contactez nous,Oui,8,diesel,6ovaf4z2wt9w_3,109000,E-pace,,,12/05/2025 00:00,Casablanca,Casablanca,moteur,JAGUAR  E-pace,Automatique,
5e83daca-1f5f-432d-8946-274c6d27c73c,opel,,DIOULY,5,Je met mon opel astra l élégance tout options propre premier main,Oui,6,diesel,f1t114hu1a1n_1,87000,Astra,,240000,12/05/2025 00:00,Casablanca,Casablanca,moteur,OPEL  Astra L,Manuelle,
f6a9602a-dfd8-4aa6-815f-5ce528e2d1e1,audi,Très bon,Athletica carsShopBadge Icon,3,"ABS, Airbags, CD/MP3/Bluetooth, Caméra de recul, Climatisation, ESP, Jantes aluminium, Limiteur de vitesse, Ordinateur de bord, Radar de recul, Régulateur de vitesse, Sièges cuir, Système de navigation/GPS, Toit ouvrant, Verrouillage centralisé à distance, Vitres électriques",Non,12,diesel,0j6wvdfl9id2_21,17499,Q8,WW au Maroc,,12/05/2025 11:30,Casablanca,Ain Sebaa,avito,Audi Q8 S line,Automatique,2024
dd6c00dc-684b-4273-8deb-8b2f8d07b200,mercedes-benz,,NADO.MA,5,Mercedes-benz classe c 200 luxury 2019,Oui,8,diesel,mcsbhbslfae8_1,139000,Classe,,380000,12/05/2025 00:00,Casablanca,Casablanca,moteur,MERCEDES-BENZ  Classe c,Automatique,
0be7dc4b-8233-49fe-abb9-25f0c75e3be7,jeep,,NADO.MA,5,Jeep wrangler diesel automatique 2016 à casablanca pour voir la voiture en video sur notre site nado ma il n’y a aucun coût pour l’acheteur veuillez nous contacter pour plus d’informations voir la voiture en vidéo et le bon prix sur notre site nado,Oui,11,diesel,2bt4188943w8_14,249000,Wrangler,,250000,12/05/2025 00:00,Casablanca,Casablanca,moteur,JEEP  Wrangler,Automatique,
c7b31514-efc5-4e08-b487-640798388d6a,peugeot,Excellent,med,3,"ABS, Airbags, CD/MP3/Bluetooth, Caméra de recul, Climatisation, ESP, Jantes aluminium, Limiteur de vitesse, Ordinateur de bord, Radar de recul, Régulateur de vitesse, Sièges cuir, Système de navigation/GPS, Verrouillage centralisé à distance, Vitres électriques",,9,essence,hy3t0d2ybilm_29,134999,208,Importée neuve,125000,12/05/2025 13:22,Tanger,Centre,avito,peugeot 208 gti,Manuelle,2015
0ca26810-6654-480d-b70a-cc649b97a0eb,volkswagen,Excellent,🚘🛻🏎️📲ShopBadge Icon,5,"ABS, Airbags, CD/MP3/Bluetooth, Caméra de recul, Climatisation, ESP, Jantes aluminium, Limiteur de vitesse, Ordinateur de bord, Radar de recul, Régulateur de vitesse, Système de navigation/GPS, Toit ouvrant, Verrouillage centralisé à distance, Vitres électriques",Oui,8,diesel,7w74c00zm2ru_33,104999,Tiguan,Dédouanée,,12/05/2025 19:11,Oujda,Centre Ville,avito,Volkswagen Tiguan R-Line 2022 Diesel Automatique,Automatique,2021
b8bdabee-2a10-4f8d-a2f4-8a9f33eccf13,bmw,Excellent,YATIB AUTOShopBadge Icon,5,"ABS, Airbags, CD/MP3/Bluetooth, Caméra de recul, Climatisation, ESP, Jantes aluminium, Limiteur de vitesse, Ordinateur de bord, Radar de recul, Régulateur de vitesse, Sièges cuir, Système de navigation/GPS, Toit ouvrant, Verrouillage centralisé à distance, Vitres électriques",Oui,8,diesel,ga5cn219tlqt_1,32499,Série 4,WW au Maroc,,12/05/2025 13:05,El Jadida,Biranzarane,avito,BMW Série 4 Diesel Automatique 2023 à El Jadida,Automatique,2023
fc28fc7d-9ded-4245-b731-15ec2c7176c5,alfa-romeo,,STELLANTIS &YOU CASABLANCA,5,"Garantie constructeur : 3 ans / 100.000 km à partir de la date de mec mec : février 2024 kilometrage : 0 km stellantis&you met en vente un véhicule d’occasion quasi neuf. le véhicule a été vérifié dans nos ateliers et soumis à un contrôle rigoureux possibilité de reprise et financement à crédit. marque alfa romeo tonale sprint pour plus d'information , veuillez contacter stellantis&you",Non,6,diesel,upkk5t0zkbtg_18,4000,Tonale,,337000,12/05/2025 00:00,Casablanca,Casablanca,moteur,ALFA-ROMEO  Tonale,Automatique,
e0df0966-765a-4760-ac14-9bdeeffdc9a2,dacia,,STELLANTIS &YOU CASABLANCA,5,Dacia duster ambiance plus diesel automatique garantie : 12 mois / 50.000 km date de mise en circulation : novembre 2020 kilometrage : 60.000 le véhicule a été vérifié dans nos ateliers et soumis à 100 points de control. possibilité de reprise de votre véhicule et financement à crédit.,Oui,6,diesel,8u0zwhp1y4vf_21,59000,Duster,,179900,26/05/2025 00:00,Casablanca,Casablanca,moteur,DACIA  Duster,Automatique,
9958e851-4a4c-4ad4-9991-58b67428eb7c,jaguar,Neuf,AUTOMOBILES TINGISShopBadge Icon,5,"ABS, Airbags, CD/MP3/Bluetooth, Climatisation, ESP, Jantes aluminium, Limiteur de vitesse, Ordinateur de bord, Radar de recul, Régulateur de vitesse, Sièges cuir, Système de navigation/GPS, Toit ouvrant, Verrouillage centralisé à distance, Vitres électriques",Oui,8,diesel,9ef4tfu449q2_12,72499,XE,WW au Maroc,238000,12/05/2025 19:11,Tanger,Centre,avito,JAGUAR XE PRESTIGE 2.0 i4D 180 1ère MAIN 70.000km,Automatique,2017
d093611e-7bd3-4183-a8d6-679b7c1fec7f,mercedes-benz,Excellent,🚘🛻🏎️📲ShopBadge Icon,5,"ABS, Airbags, CD/MP3/Bluetooth, Caméra de recul, Climatisation, ESP, Jantes aluminium, Limiteur de vitesse, Ordinateur de bord, Radar de recul, Régulateur de vitesse, Système de navigation/GPS, Toit ouvrant, Verrouillage centralisé à distance, Vitres électriques",Oui,8,diesel,ivl5secelgxm_24,104999,Classe A,Dédouanée,,12/05/2025 19:11,Oujda,Centre Ville,avito,Mercedes Classe A 2019,Automatique,2019
e88ac7f0-06c2-4e6a-b3ea-7fb7c489de70,audi,Excellent,Abdesslam Sebbar,5,"ABS, Airbags, CD/MP3/Bluetooth, Caméra de recul, Climatisation, ESP, Jantes aluminium, Limiteur de vitesse, Ordinateur de bord, Radar de recul, Régulateur de vitesse, Sièges cuir, Système de navigation/GPS, Toit ouvrant, Verrouillage centralisé à distance, Vitres électriques",Non,12,diesel,7qk8ln55mivr_28,124999,Q8,Importée neuve,685000,12/05/2025 12:27,Casablanca,2 Mars,avito,Audi Q8 Diesel Automatique 2019 à Casablanca,Automatique,2019
75d760fe-64f7-4d02-81bb-1846a1e7fbb2,fiat,,BMW PREMIUM SELECTION,3,"Possibilité de reprendre une bmw ou mini, w-maroc.",Oui,7,essence,foe3hgc1w0kx_4,54000,500,,135000,26/05/2025 00:00,Casablanca,Casablanca,moteur,FIAT  500,Automatique,
84786c0b-fa4c-4c9a-940d-13ea142db21e,volkswagen,,AUTO HICHAM ERRAHMANI,5,"Bonjour , je mets en vente ma voiture volkswagen golf 7 et demi gtd , modèle 2019 dédouaner 2024 , 1-ér main , automatique .8 cv , diesel. bon état . pour plus d'information n'hésitez pas de me contacter . merci.",Oui,8,diesel,pobsh8nzngff_8,149000,Golf,,,12/05/2025 00:00,Marrakech,Marrakech,moteur,VOLKSWAGEN  Golf 7,Automatique,
a7ee5d00-5b81-4bca-8d68-e3c0b384b61b,seat,Excellent,Abou aliShopBadge Icon,5,"ABS, Airbags, CD/MP3/Bluetooth, Caméra de recul, Climatisation, ESP, Jantes aluminium, Limiteur de vitesse, Ordinateur de bord, Radar de recul, Régulateur de vitesse, Système de navigation/GPS, Verrouillage centralisé à distance, Vitres électriques",Oui,6,diesel,e8r7m0ao8jsc_14,62499,Arona,WW au Maroc,,12/05/2025 13:35,Fes,Route Ain Chkaf,avito,Seat ARONA 2023 diesel,Manuelle,2023
5ba76cbe-5f65-487e-9008-3dca97288fb4,kia,Excellent,Katarui Tenizo,5,"ABS, CD/MP3/Bluetooth, Caméra de recul, Climatisation, ESP, Jantes aluminium, Limiteur de vitesse, Ordinateur de bord, Radar de recul, Régulateur de vitesse, Système de navigation/GPS, Verrouillage centralisé à distance, Vitres électriques",Oui,6,diesel,ji4azf910yyx_30,124999,Seltos,WW au Maroc,215000,12/05/2025 12:16,Rabat,Agdal,avito,kia seltose 1.5 crdi système bose,Manuelle,2022
93827aa8-9870-43dc-bd85-98785d2f87cf,audi,,AUTO AYMANE,5,Audi q5 automatique diesel toute options volant multifonction fonction écran de bord gps radar et caméra derecul écran de bord gps limiteur régulateur 4vittres elc bleutouth jantes aluminium rétroviseurs rabattabel projecteur xénon 1ère main entretien maison,Oui,8,diesel,94n2oniswbdc_29,159000,Q5,,,12/05/2025 00:00,Casablanca,Casablanca,moteur,AUDI  Q5,Automatique,
dd2b87ce-90b5-45c5-96af-823466f2d2cb,land-rover,,AUTO HICHAM ERRAHMANI,5,"Bonjour , je mets en vente ma voiture range rover bb velar , modèle **** diesel , 2-éme main , 8 cv ,automatique. bon état . pour plus d'informations n'hésitez pas de me contacter . merci",Non,8,diesel,dzzlvoobf32j_6,149000,Range,,,12/05/2025 00:00,Marrakech,Marrakech,moteur,LAND-ROVER  Range rover,Automatique,
5d6512ac-4fe5-4d5c-96ca-aa732bb9448f,audi,,AUTO GHALI,5,Audi q8 s-line quattro 2025 nouvelle génération importé neuf 0 km toutes options : boite de vitesse : tiptronic 8 soft close head up display interieur alcantara night vision camera 3d distronic angle mort suspension toit ouvrant panoramique sièges chauffants ventilées électriques mémoires système nfc Éclairage d'ambiance jantes 22 pouces et pleins d'autres options à découvrir contactez-nous dès aujourd'hui sur le via téléphone ou whatsapp rs3 rsq3 rsq8 rsq8 q8 sq8 q3 audi lamborghini q5 porsche cayenne gle 350d 350de glc tiguan r-line,Oui,11,diesel,b85doy0ldesd_8,4000,Q8,,,26/05/2025 00:00,Casablanca,Casablanca,moteur,AUDI  Q8,Automatique,
9ad772ed-5da7-4647-bafb-53b166036818,audi,,AUTO EMERAUDE,5,Véhicule en excellent état pour plus d’info contactez nous,Non,8,diesel,yfyw4uyvp0i7_17,64000,Q3,,,12/05/2025 00:00,Casablanca,Casablanca,moteur,AUDI  Q3,Automatique,
8cd1eaee-13b7-4111-b4bc-ad510c56829a,ford,,VOITURES PARTICULIERS CERTIFIéES,3,"● ford mustang -2.3 ecoboost 314 convertible- 314 chevaux-110750 km- année 31/12/2020 dÉdouanement 10/2024 en vente. ●véhicule en excellent état. ●la voiture a été expertisée suivant 50 points de contrôles. ●le rapport d’expertise détaillé est disponible sur demande, garantissant la qualité et la fiabilité du véhicule. veuillez nous contacter pour plus d'informations ou pour voir le véhicule",Oui,13,essence,9v4bizc8sz9j_7,119000,Mustang,,385000,12/05/2025 00:00,Casablanca,Casablanca,moteur,FORD  Mustang,Automatique,
304b10e8-99f7-441b-a8c5-69582a81d26f,volkswagen,Excellent,auto Abderrahim ShopBadge Icon,5,"ABS, Airbags, CD/MP3/Bluetooth, Caméra de recul, Climatisation, ESP, Jantes aluminium, Limiteur de vitesse, Ordinateur de bord, Radar de recul, Régulateur de vitesse, Sièges cuir, Système de navigation/GPS, Toit ouvrant, Verrouillage centralisé à distance, Vitres électriques",Oui,8,diesel,eoob0l1n58zn_23,174999,Tiguan,WW au Maroc,228000,12/05/2025 19:11,Marrakech,Massira 3,avito,Volkswagen Tiguan 2018 automatique,Automatique,2018
e289b4f1-cfb4-4a4f-9d90-6c908628b378,volkswagen,,LEVING AUTO,5,touareg r.line \\none million,Oui,12,diesel,jj2hy58rnv3n_13,20000,Touareg,,,12/05/2025 00:00,Casablanca,Casablanca,moteur,VOLKSWAGEN  Touareg R.line one…,Automatique,
a8b30ce4-0716-43c9-95eb-f4274d6af444,nissan,,EL ASRI AUTO,5,Nissan qachqai modèle 2018 très bon état penture original la voiture est toujours disponible à garage el asri auto sefrou,Non,6,diesel,b7bsxeponkuy_26,139000,Qashqai,,,12/05/2025 00:00,Fes,Fes,moteur,NISSAN  Qashqai,Manuelle,
efc8119e-f41f-41e4-a2b3-5360a539ac8d,cadillac,,SELECT GARANTIE,5,Cadillac escalade version platinium comme neuf bien entretenu contacter select garantie.,Oui,25,essence,al8xqjwssri0_2,69000,Escalade,,,12/05/2025 00:00,Marrakech,Marrakech,moteur,CADILLAC  Escalade,Automatique,
059cbb09-48dd-4457-8761-6cce8cf6711a,mercedes-benz,Excellent,auto Abderrahim ShopBadge Icon,5,"ABS, Airbags, CD/MP3/Bluetooth, Caméra de recul, Climatisation, ESP, Jantes aluminium, Limiteur de vitesse, Ordinateur de bord, Radar de recul, Régulateur de vitesse, Sièges cuir, Système de navigation/GPS, Toit ouvrant, Verrouillage centralisé à distance, Vitres électriques",Oui,6,diesel,ur0irqrsk00d_1,134999,180,Dédouanée,188000,12/05/2025 10:41,Marrakech,Massira 3,avito,Mercedes classe a 180 m 2014 d 2023,Manuelle,2014
46cf4680-c0eb-4de9-9fbd-6b5155dc54f0,mercedes-benz,,AUTO HICHAM ERRAHMANI,,"Bonjour je mets en vente ma voiture mercedes-benz cla , modèle 05/2016 , automatique . diesel 2-éme main , 9 cv. pour plus d'informations n'hésitez pas de nous contacter . merci .",Non,9,diesel,lq4k8xtdk9zl_4,139000,Classe,,,12/05/2025 00:00,Marrakech,Marrakech,moteur,MERCEDES-BENZ  Classe cla,Automatique,
13d358d2-2816-4b83-a250-6cc7809560d1,toyota,Excellent,SupercarsShopBadge Icon,5,"ABS, Airbags, CD/MP3/Bluetooth, Caméra de recul, Climatisation, ESP, Jantes aluminium, Limiteur de vitesse, Ordinateur de bord, Radar de recul, Régulateur de vitesse, Système de navigation/GPS, Toit ouvrant, Verrouillage centralisé à distance, Vitres électriques",Oui,14,hybride,kikhdgkjm1of_19,104999,RAV-4,WW au Maroc,256000,12/05/2025 19:11,Casablanca,2 Mars,avito,Toyota Rav4 hybride Automatique 2020 à Casablanca,Automatique,2020
a7e89cbd-0df4-405e-b662-795d32970ca1,dacia,Très bon,Garage MedyounaShopBadge Icon,5,,Oui,6,diesel,wv6fezxav5gg_23,114999,Logan,WW au Maroc,,12/05/2025 11:30,Casablanca,Autre secteur,avito,Peugeot Expert,Manuelle,2019
7805a563-b031-4c82-a98e-c3596eb9ea67,audi,,GARAGE LAHCEN,5,Garage lahcen vous propose une audi q8 tdi quattro en très bon état pour plus d infos visiter notre showroom au 6 bd zerktouni casablanca ou appeler mr hicham,Non,12,diesel,wpucpbu3f0h7_12,44000,Q8,,,12/05/2025 00:00,Casablanca,Casablanca,moteur,AUDI  Q8,Automatique,
c26e779d-ac1b-4c92-bfc4-20e46af79e74,dacia,Excellent,Auto FadlShopBadge Icon,5,,Oui,6,diesel,xj9vze254bk2_24,174999,Duster,WW au Maroc,165000,12/05/2025 13:23,Marrakech,Hay Targa,avito,Dacia Duster Diesel Manuelle 2021 à Marrakech,Manuelle,2021
511f21bb-e401-4f6b-8ce4-ab5094d24477,alfa-romeo,,STELLANTIS &YOU CASABLANCA,5,"Garantie constructeur à date de mise en circulation stellantis&you met en vente un véhicule d’occasion quasi neuf. le véhicule a été vérifié dans nos ateliers et soumis à un contrôle rigoureux avec essai dynamique sur route ce. km : 24.000 possibilité de reprise et financement à crédit. marque alfa romeo tonale mhev edition speciale pour plus d'information , veuillez contacter stellantis&you",Oui,8,essence,llct6h2480wj_20,24000,Tonale,,306000,12/05/2025 00:00,Casablanca,Casablanca,moteur,ALFA-ROMEO  Tonale,Automatique,
db1984f6-7d6a-4e5e-afb9-46c7f6c59a04,nissan,,FAJRINE AUTO,5,Nissan qashqai en trÈs bon État 1 et main boite automatique pour plus d’informations n’hésitez pas à nous contacter,Non,8,essence,6dhhtf2fsg45_26,49000,Qashqai,,,12/05/2025 00:00,Casablanca,Casablanca,moteur,NISSAN  Qashqai,Automatique,
2ea407a8-aba9-40a5-a7dd-4a3f6efc5f86,audi,Excellent,TGV AUTOShopBadge Icon,5,"ABS, Airbags, CD/MP3/Bluetooth, Caméra de recul, Climatisation, ESP, Jantes aluminium, Limiteur de vitesse, Ordinateur de bord, Radar de recul, Régulateur de vitesse, Sièges cuir, Verrouillage centralisé à distance, Vitres électriques",Non,8,diesel,m91m41h5p1i5_19,52499,Q5,WW au Maroc,,12/05/2025 13:37,Casablanca,Belvédère,avito,Audi q5 40 tdi ttes opt,Automatique,2019
15970006-6df3-4149-a003-f02170af3479,audi,Très bon,Gallery autoShopBadge Icon,5,"ABS, Airbags, CD/MP3/Bluetooth, Caméra de recul, Climatisation, ESP, Jantes aluminium, Limiteur de vitesse, Ordinateur de bord, Radar de recul, Régulateur de vitesse, Sièges cuir, Système de navigation/GPS, Toit ouvrant, Verrouillage centralisé à distance, Vitres électriques",Non,17,diesel,dnqchjeatn1s_10,224999,Q7,Dédouanée,,12/05/2025 13:01,Rabat,Hay el Fath,avito,Audi Q7 Diesel Automatique 2009 à Rabat,Automatique,2009
31fe21b8-a7a0-4614-908f-7df2cff3b935,volkswagen,,AUTO HICHAM ERRAHMANI,5,"Bonjour je mets en vente ma voiture volkswagen tiguan , modèle **** dédouaner 11-2021 , automatique , 2-éme main , 8 cv. diesel. bon état . pour plus d'informations n'hésitez pas de nous contacter . merci .",Non,8,diesel,s00z0v673o98_6,249000,Tiguan,,,12/05/2025 00:00,Marrakech,Marrakech,moteur,VOLKSWAGEN  Tiguan,Automatique,
ee2a64c9-998e-4269-a641-a95b0b287356,dacia,Très bon,AnouarShopBadge Icon,5,,Oui,7,diesel,q1np0yl868r2_32,104999,Duster,WW au Maroc,156000,12/05/2025 11:37,Temara,Centre Ville,avito,sayara maliha kayna ftemra,Manuelle,2019
4c576b3d-a819-449d-a1cd-02f67f109016,ford,Excellent,Maalal CarsShopBadge Icon,5,"ABS, Airbags, CD/MP3/Bluetooth, Caméra de recul, Climatisation, ESP, Jantes aluminium, Limiteur de vitesse, Ordinateur de bord, Radar de recul, Régulateur de vitesse, Système de navigation/GPS, Verrouillage centralisé à distance, Vitres électriques",Non,8,diesel,kacnuyyj933m_11,194999,Kuga,WW au Maroc,,12/05/2025 10:41,Fes,Agdal,avito,Ford kuga modèle 2013,Manuelle,2013
789b5f7c-372c-4402-8533-59d6c4bca0bb,land-rover,,AUTO HAMZA,5,سلام عليكم ورحمة الله وبركاته سيارة للبيع للمزيد من المعلومات المرجو الاتصال بنا او زيارة محلنا وشكرا,Non,12,diesel,pmqscy5qr0kg_2,149000,Range,,,12/05/2025 00:00,Marrakech,Marrakech,moteur,LAND-ROVER  Range rover vogue,Automatique,
cf40bffe-dedf-4dc8-bb8b-819bcebb6f73,porsche,Excellent,AUTO SPOTShopBadge Icon,5,"ABS, Airbags, CD/MP3/Bluetooth, Caméra de recul, Climatisation, ESP, Jantes aluminium, Limiteur de vitesse, Ordinateur de bord, Radar de recul, Régulateur de vitesse, Sièges cuir, Système de navigation/GPS, Toit ouvrant, Verrouillage centralisé à distance, Vitres électriques",Oui,11,essence,9sx4sw7y98c3_20,82499,Macan,Importée neuve,,12/05/2025 19:11,Casablanca,Aïn Chock,avito,PORSCHE MACAN 2019,Automatique,2019
132c5d5a-a2b2-4b52-9b60-33c2f65a6da5,porsche,,MINT LUXE AUTO,5,À vendre porsche cayenne coupe hybride importee neuve en 2025 kilométrage .000 km avec pleins d'autres options à découvrir pour plus d’informations n’hésitez pas de nous contacter,Oui,17,hybride,x0a5ktotqiez_12,4000,Cayenne,,1850000,12/05/2025 00:00,Marrakech,Marrakech,moteur,PORSCHE  Cayenne Svr mansory,Automatique,
f7954e9d-aceb-4705-9113-6a5ae38d4b32,renault,,AUTO AYMANE,5,Renault clio 5 diesel toute options boîte manuel climatisation automatique volant multifonction limiteur régulateur jantes aluminium 16 pouces antibrouillard rétroviseurs elc caméra de recul écran de bord gps antibrouillard projecteurs gèzeno salon sport 4vittres elc bleutouth antibrouillard 1ère main entretien maison,Oui,6,diesel,4moi4zponaev_13,129000,Clio,,,12/05/2025 00:00,Casablanca,Casablanca,moteur,RENAULT  Clio,Manuelle,
9eb0fb91-30c9-40a4-92f0-f1766fa23ce7,bmw,,VOITURES PARTICULIERS CERTIFIéES,5,"•avito / moteur.ma vous proposer : •bmw - x5 **** km - modele 2015 en vente. •véhicule en excellent état •la voiture a été expertisée suivant plus de 50 points de contrôles. •le rapport d’expertise détaillé est disponible sur demande, garantissant la qualité et la fiabilité du véhicule. •le financement est disponible auprès de wafasalaf veuillez nous contacter pour plus d'informations ou pour voir le véhicule.",Oui,8,diesel,mw2t01k6s8f2_28,349000,X5,,205000,12/05/2025 00:00,Casablanca,Casablanca,moteur,BMW  X5,Automatique,
12b3bbdb-81a3-4f0d-88a1-260210fec1a4,volkswagen,,LUXURY AUTO,5,volkswagen tiguan r line (importée neuve) est disponible actuellement chez luxury auto.,Non,8,diesel,khbfpozy791p_20,,Tiguan,,,12/05/2025 00:00,Casablanca,Casablanca,moteur,VOLKSWAGEN  Tiguan R-line,Automatique,
b2ef2715-ec88-44a0-ab7d-af0aa82ccb3e,volkswagen,,YASINE,5,Golf8 r line bien entretenue etat comme neuve model 2021 veuillez me contactez pour plus d’info mercedes audi volkswagen hyundai,Oui,8,diesel,op3fggym59cq_22,34000,Golf,,,26/05/2025 00:00,Casablanca,Casablanca,moteur,VOLKSWAGEN  Golf 8,Automatique,
7b0fbd52-1ee4-432b-98a4-c6a79a21fd1f,peugeot,Neuf,achraf,5,"ABS, Airbags, CD/MP3/Bluetooth, Caméra de recul, Climatisation, ESP, Jantes aluminium, Limiteur de vitesse, Ordinateur de bord, Radar de recul, Régulateur de vitesse, Sièges cuir, Système de navigation/GPS, Verrouillage centralisé à distance, Vitres électriques",Oui,6,diesel,9dryado4hdrm_2,72499,2008,WW au Maroc,220000,12/05/2025 13:05,Rabat,Autre secteur,avito,2008 manuel,Manuelle,2022
568c9fff-83da-4d29-abbb-3ac97e8eeef4,mercedes-benz,,AUTO EMERAUDE,5,Véhicule en excellent état pour plus d’info contactez nous,Non,23,essence,xqov1f9l3rla_22,39000,Classe,,,12/05/2025 00:00,Casablanca,Casablanca,moteur,MERCEDES-BENZ  Classe g,Automatique,
05b24e04-b71b-4940-afc6-1c2504f506bc,volkswagen,,C'ZAM AUTO,5,Très bonne occasion 09/2024 4.000 kilomètres import neuf fulll option,Oui,8,diesel,62xfvdq4ekrx_1,4000,Tiguan,,,12/05/2025 00:00,Oujda,Oujda,moteur,VOLKSWAGEN  Tiguan,Automatique,
8bc2ad30-d132-40d6-9400-aa4faa4be67a,audi,,HIVERNAGE AUTO,5,Très belle opportunité pour les affairistes vehicule de 4 mois peu rouler,Oui,8,diesel,bnwol6l6qkrz_4,9000,Q5,,,12/05/2025 00:00,Casablanca,Casablanca,moteur,AUDI  Q5,Automatique,
871256bf-4195-4729-b05e-d1b5f3870649,citroen,,NADO.MA,5,Citroen c5 air cross 2020 bva à casablanca 1ér main en excellent état le véhicule a été évalué et expertisé totalement et ne fait objet d’aucun accident ou opposition il n’y a aucun coût pour l’acheteur veuillez nous contacter pour plus d’informations choisissez votre voiture maintenant ici sur la plateforme nado ma,Oui,8,diesel,30qket4erswz_7,99000,C5,,225000,12/05/2025 00:00,Casablanca,Casablanca,moteur,CITROEN  C5,Automatique,
1b112057-328c-4867-9a50-5215b0066d0e,kia,Excellent,AutobrokerShopBadge Icon,5,"ABS, Airbags, CD/MP3/Bluetooth, Climatisation, ESP, Ordinateur de bord, Verrouillage centralisé à distance, Vitres électriques",Non,6,essence,hv35ndix7pyg_20,92499,Picanto,WW au Maroc,93500,12/05/2025 13:21,Casablanca,Anfa,avito,Kia Picanto Manuelles 2021 à Casablanca,Manuelle,2021
fe243216-9274-47f3-a042-ce47979ade34,peugeot,,AUTO AYMANE,5,"Peugeot 2008 modèle **** 000km finition allure: cockpit digital 3d, régulateur de vitesse adaptatif distronic, sièges semi-cuir, 6cv diesel, boîte automatique, grand écran tactile, apple carplay et android auto, démarrage start, frein à main électrique, volant cuir multifonctions, palettes au volant, boîte automatique 8 rapport, jantes bi-colors, climatisation digitale bizones, phares full led, radars de stationnement arrière, caméra . peinture entièrement d’origine, quatre pneus quasi neuf.",Oui,6,diesel,744rjna3au0a_28,64000,2008,,,12/05/2025 00:00,Casablanca,Casablanca,moteur,PEUGEOT  2008,Automatique,
9659e7cc-36c9-4377-aa6d-86025e60b78d,jeep,,AUTO HICHAM ERRAHMANI,5,"Bonjour je mets en vente ma voiture jeep renegade , modèle 07-2018 , automatique , 2 -ème main , pour plus d'informations n'hésitez pas de nous contacter . merci .",Non,6,diesel,fyzc7skm8w98_7,129000,Renegade,,,12/05/2025 00:00,Marrakech,Marrakech,moteur,JEEP  Renegade,Automatique,
0b225db3-a8ed-4ceb-a007-cb7d3889234a,jeep,Excellent,RHZIOUALShopBadge Icon,5,"ABS, Airbags, CD/MP3/Bluetooth, Climatisation, ESP, Jantes aluminium, Limiteur de vitesse, Ordinateur de bord, Régulateur de vitesse, Système de navigation/GPS, Verrouillage centralisé à distance, Vitres électriques",Oui,6,diesel,n3qp2rgabc4r_10,77499,Renegade,WW au Maroc,223000,12/05/2025 19:11,Fes,Agdal,avito,Jeep Renegade 2023 Gris Nardo,Manuelle,2023
60eddaa6-c146-42ff-baac-0eee9e81677d,lincoln,,SELECT GARANTIE,5,Lincoln town car en parfait État en vente chez select garantie.,Non,24,essence,al7c4keea4uu_16,99000,Town,,,26/05/2025 00:00,Marrakech,Marrakech,moteur,LINCOLN  Town car,Automatique,
72d339d8-2a25-4fc1-b976-1c7cefd550c4,jeep,Excellent,MehdiShopBadge Icon,5,"ABS, Airbags, CD/MP3/Bluetooth, Caméra de recul, Climatisation, ESP, Jantes aluminium, Limiteur de vitesse, Ordinateur de bord, Radar de recul, Régulateur de vitesse, Sièges cuir, Système de navigation/GPS, Toit ouvrant, Verrouillage centralisé à distance, Vitres électriques",Oui,9,diesel,nk7kpx0b0f8n_12,42499,Cherokee,WW au Maroc,235000,12/05/2025 13:01,Casablanca,Bourgogne,avito,Jeep Cherokee Night Eagle 2021 40k km,Automatique,2021
f84bcdff-3755-4d97-8c69-e9157d5bdf41,fiat,Bon,abdelkader,,,,5,diesel,xrwtshj2b8rh_1,224999,Fiorino,,,12/05/2025 12:27,Berkane,Toute la ville,avito,voitures d occasion à vendre,Manuelle,2019
a857de29-9018-4643-a117-fcfa7f315ff5,peugeot,Bon,SIARACASH.MAShopBadge Icon,5,"ABS, Airbags, CD/MP3/Bluetooth, ESP, Jantes aluminium, Limiteur de vitesse, Ordinateur de bord, Radar de recul, Régulateur de vitesse, Système de navigation/GPS, Vitres électriques",Oui,6,diesel,q9v3zq8esisx_20,124999,301,WW au Maroc,116000,12/05/2025 12:27,Casablanca,Autre secteur,avito,PEUGEOT 301 Diesel Manuelle 2021 à Casablanca,Manuelle,2021
6f22d6d2-e225-41da-b5fa-350bbd1c849d,volkswagen,Excellent,Baydaoui,5,"ABS, Airbags, CD/MP3/Bluetooth, Caméra de recul, Climatisation, ESP, Jantes aluminium, Limiteur de vitesse, Ordinateur de bord, Radar de recul, Régulateur de vitesse, Sièges cuir, Système de navigation/GPS, Toit ouvrant, Verrouillage centralisé à distance, Vitres électriques",Oui,8,diesel,4ze4ffichm7d_25,7499,Tiguan,WW au Maroc,,12/05/2025 13:05,Marrakech,Hay Charaf,avito,Tiguan finition Élégance,Automatique,2024
03a7a660-a1f3-4ad7-a3a3-8d9d651b4fda,chevrolet,Bon,Zakaria,5,"ABS, Airbags, CD/MP3/Bluetooth, Caméra de recul, Climatisation, Jantes aluminium, Ordinateur de bord, Radar de recul, Système de navigation/GPS, Verrouillage centralisé à distance, Vitres électriques",Non,7,essence,qh7dj87ia7k1_25,134999,Aveo,WW au Maroc,55000,12/05/2025 13:01,Rabat,Hay el Fath,avito,chevrolet aveo ls 2009 2eme main,Manuelle,2009
23231734-beaf-4b9a-b3f0-0f6cd1e70330,peugeot,,FIKRI,5,"Peugeot 308 model 2023 allure pack bva kilométrage : 99933 km fiche technique : energie diesel puissance fiscale 6 cv boîte à vitesse automatique 8 rapports catégorie compacte nombre de places 5 sÉcuritÉ airbags 8 abs esp antipatinage aide au freinage d'urgence antidémarrage électronique aide au démarrage en côte détecteur d'angle mort détecteur de sous-gonflage détecteur de sous-pression de pneus fermeture de portes auto confort climatisation auto. bi-zone système audio radio, usb ordinateur de bord start & stop régulateur de vitesse adaptatif + stop et go détecteur de pluie allumage automatique des feux frein à main électrique ecran tactile ecran tactile cockpit digital reconnaissance de panneaux ide au stationnement avant et arrière caméra de recul caméra de recul volant réglable hauteur et profondeur vitres électriques electrique av/ar rétros. rabattables électriques bluetooth compatibilité smartphone apple carplay & android auto chargeur/mobile sans fil bluetooth esthetique jantes aluminium 17 pouces sellerie tissu volant cuir feux de jour led phares full led vitres sur-teintées prix **** dh télé : **** télé : ****",Oui,6,diesel,hhucwpv1i82c_6,99933,308,,290000,12/05/2025 00:00,Sale,Sale,moteur,PEUGEOT  308 2023,Automatique,
acf517d9-f7f1-4885-b9ca-925d86620d03,bmw,,STELLANTIS &YOU CASABLANCA,5,Garantie : 12 mois / 50.000 km date de mise en circulation : mars 2022 kilometrage : 44.000 km toutes options le véhicule a été vérifié dans nos ateliers et soumis à 100 points de contrôle possibilité de reprise de votre véhicule et financement à crédit.,Oui,6,diesel,b8t22hcwvbhx_20,44000,Serie,,359000,26/05/2025 00:00,Casablanca,Casablanca,moteur,BMW  Serie 1,Automatique,
cb129d36-8116-4b72-93d9-8a83ceb1ec38,skoda,Excellent,azeddine,5,,Oui,8,diesel,z5iw2kv4ibdv_5,134999,Kodiaq,WW au Maroc,295000,12/05/2025 11:37,Rabat,Autre secteur,avito,Skoda Kodiaq Diesel Automatique 2019 à Rabat,Automatique,2019
0cd7589d-2ad4-4108-9162-4eee40e05a9c,peugeot,Excellent,Yassin,5,"ABS, Airbags, CD/MP3/Bluetooth, Caméra de recul, Climatisation, ESP, Jantes aluminium, Limiteur de vitesse, Ordinateur de bord, Radar de recul, Régulateur de vitesse, Sièges cuir, Système de navigation/GPS, Toit ouvrant, Verrouillage centralisé à distance, Vitres électriques",Oui,8,diesel,51nr0njgi6dl_32,77499,3008,WW au Maroc,250000,12/05/2025 13:05,Marrakech,Allal El Fassi,avito,Peugeot 3008 diesel GT,Automatique,2022
ad686c43-2508-4ce1-ac89-99aa9fdb9b9b,ds,,AUTO 212,5,"Vehicule en parfait état 11/ 2018 au compteur 128 273km, avec 6 airbags, gps, car play, jante alu 19, retro électriques et rabattables, cockpit digital, toit panoramique, xénon, radar de stationnement av **** avec 3 mois de garantie possible de crédit avec la banque",Oui,8,diesel,vs30viu7kag3_24,129000,Ds7,,,12/05/2025 00:00,Casablanca,Casablanca,moteur,DS  Ds7,Automatique,
805a8985-179a-44a4-81a3-a2d40e17d93e,mercedes-benz,,LUXURY MOTORS AUTOMOTIVE,5,Mercedes-amg g63 grande Édition 2025 un des 1000 dans le monde ✅ moteur : v8 bi-turbo 585 cv 4 matic extérieur :manufaktur magno black intérieur : noir / surpiqûres dorées condition: nouveau - jantes dorées amg 22 pouces - finition amg doré - Étriers noirs amg - toit ouvrant électrique - calandre amg en or foncé - amg track pace - verre de confidentialité - led multifaisceaux - distronique plus - barre de remorquage - climat à 4 zones -volant alcantara amg - inserts décoratifs en fibre de carbone doré - finition intérieur doré - confort énergisant - sièges mémoire - sièges chauffants et ventilés - caméras à 360 degrés - assistance aux angles morts - son 3d de burmester - lumière ambiante active,Oui,23,essence,p1l18h0oshyh_20,4000,Classe,,,12/05/2025 00:00,Tanger,Tanger,moteur,MERCEDES-BENZ  Classe g,Automatique,
871dae63-388e-411f-864a-62e272ff17e6,ford,Bon,Memmasi,5,,Oui,8,diesel,p8juo50aq4ij_18,104999,Kuga,WW au Maroc,107000,12/05/2025 11:37,Sale,Zone Industrielle Saniat Sbihi,avito,Ford kuga diesel,Manuelle,2014
3ec4898c-6969-4aa2-89f8-b0eee2018c93,peugeot,Excellent,Auto 212ShopBadge Icon,5,"ABS, Airbags, CD/MP3/Bluetooth, Caméra de recul, Climatisation, ESP, Jantes aluminium, Ordinateur de bord, Radar de recul, Régulateur de vitesse, Système de navigation/GPS, Verrouillage centralisé à distance, Vitres électriques",Oui,6,diesel,1prggaoamxk4_8,22499,2008,WW au Maroc,,12/05/2025 13:01,Casablanca,Maarif,avito,Peugeot 2008 Diesel Manuelle 2022 à Casablanca,Manuelle,2022
2f335cc5-b9b5-436b-a2b9-5a00a1dc7d15,volkswagen,Excellent,Ahmed rifi autoShopBadge Icon,5,"Airbags, CD/MP3/Bluetooth, Caméra de recul, Climatisation, ESP, Jantes aluminium, Limiteur de vitesse, Radar de recul, Régulateur de vitesse, Système de navigation/GPS, Toit ouvrant, Verrouillage centralisé à distance, Vitres électriques",Oui,8,diesel,6zau3uky4w61_9,27499,Golf 8,WW au Maroc,330000,12/05/2025 13:01,Tanger,Centre ville,avito,Golf 8 (1ér✋) automatique.panoramique 2023 klm30k,Automatique,2023
edc98ab9-8037-4e97-a803-852bb6b8d6a7,volkswagen,,EL ASRI AUTO,5,Volkswagen caddy edition 35 modèle 2018 très bon état penture original la voiture est toujours disponible à garage el asri auto sefrou télé,Non,8,diesel,zl1iqtc9z8i3_1,249000,Caddy,,,12/05/2025 00:00,Fes,Fes,moteur,VOLKSWAGEN  Caddy,Manuelle,
e72dd445-de53-487c-a918-ebc37aa293a3,bmw,,BMW PREMIUM SELECTION,5,Voiture jamais immatriculée.,Oui,11,hybride,45y607s5adyo_5,4000,Serie,,595000,26/05/2025 00:00,Casablanca,Casablanca,moteur,BMW  Serie 5,Automatique,
2e8842a1-7e30-4a4b-934c-8f54c0d0b601,mercedes-benz,Excellent,Espace auto maamouraShopBadge Icon,,,Oui,8,diesel,k83j2y1ws8eb_27,32499,Classe GLC,Importée neuve,,12/05/2025 12:16,Rabat,Autre secteur,avito,Mercedes-Benz Classe GLC Diesel Automatique 2023,Automatique,
aad71366-d56d-41a3-a3dc-1906a48751bd,mercedes-benz,,AUTO GHALI,5,"Auto lghali met en vente une mercedes benz classe gle 350de 0km importer neuve full options . distronique , sièges sports mémoires , toit ouvrant panoramique , camera 360 , hed up display , attache remorque , keyless go , mal électrique .... pour plus de renseignements merci de nous contacter par téléphone , ou visitez notre showroom : bd taza mlly abdallah .rue 82 . n°63/65 , casablanca",Oui,12,diesel,0xeuflc32w69_20,4000,Classe,,,12/05/2025 00:00,Casablanca,Casablanca,moteur,MERCEDES-BENZ  Classe gle,Automatique,
027bf9e0-ce05-4981-b628-3add79656e96,renault,,AUTO AYMANE,5,Renault clio 5 diesel toute options boîte manuel climatisation automatique volant multifonction limiteur régulateur jantes aluminium 16 pouces antibrouillard rétroviseurs elc caméra de recul écran de bord gps antibrouillard projecteurs gèzeno salon sport 4vittres elc bleutouth antibrouillard 1ère main entretien maison,Oui,6,diesel,edcvmcmupvn5_1,129000,Clio,,,26/05/2025 00:00,Casablanca,Casablanca,moteur,RENAULT  Clio,Manuelle,
17414ad1-c07e-4f30-986e-9cc4b96dcc42,peugeot,Très bon,Siham Aqrod,5,"CD/MP3/Bluetooth, Caméra de recul, Climatisation, Ordinateur de bord, Radar de recul, Verrouillage centralisé à distance, Vitres électriques",Non,6,diesel,io6wlejounk6_31,144999,301,WW au Maroc,,12/05/2025 10:41,Temara,Autre secteur,avito,Peugeot 301,Manuelle,2014
5f2228e5-1309-421e-a280-930d07d072ea,bmw,,AUTO MICHA,,Page sur instagram auto micha,Oui,8,diesel,ugi30n38ltj9_28,170,Serie,,,12/05/2025 00:00,Rabat,Rabat,moteur,BMW  Serie 4 Pack sport,Automatique,
b8251df7-2c17-4fb9-809b-202d64e726a0,mercedes-benz,,HIVERNAGE AUTO,5,Une très belle affaire pour les opportunistes véhicule très peu rouler 3000 km avril 2023,Non,23,essence,d6z2gu1cj2xr_5,4000,Classe,,,12/05/2025 00:00,Casablanca,Casablanca,moteur,MERCEDES-BENZ  Classe s,Automatique,
2c00f403-defd-4ae0-8890-6b0f21df07b7,jaguar,,AUTO SALA EL JADIDA,5,Auto sala el jadida mets en vente une nouvelle jaguar xf luxury black Édition 2.0l i4d 180 at black Édition peinture originale la toutes options carplay sièges cuirs électriques toit ouvrant caméra de recul km certifié suivi chez smeia avec factures 1er main on acceptent la reprise également,Oui,8,diesel,0dgmgfgfory1_17,94000,Xf,,,12/05/2025 00:00,Rabat,Rabat,moteur,JAGUAR  Xf,Automatique,
81821550-31d7-4906-93f9-4b4bab99e554,jeep,,NADO.MA,5,Jeep wrangler 2.2 multijet 200 sahara 4p 2021 100 000 km en excellent état voir la voiture en vidéo et phots sur notre site nado ma le véhicule a été évalué et expertisé totalement et ne fait objet d’aucun accident ou opposition veuillez nous contacter pour plus d’informations choisissez votre voiture maintenant ici sur la plateforme nado ma,Oui,9,diesel,ssci10y4w0k0_9,99000,Wrangler,,500000,12/05/2025 00:00,Casablanca,Casablanca,moteur,JEEP  Wrangler 2,Automatique,
1632ea14-3723-4ffc-a160-a55d52d87aaa,mercedes-benz,Excellent,Salek AbdelwahedShopBadge Icon,,"ABS, Airbags, CD/MP3/Bluetooth, Caméra de recul, Climatisation, ESP, Jantes aluminium, Limiteur de vitesse, Ordinateur de bord, Radar de recul, Régulateur de vitesse, Sièges cuir, Système de navigation/GPS, Verrouillage centralisé à distance, Vitres électriques",,8,diesel,l3rid2g4462v_4,134999,Classe CLA,WW au Maroc,,12/05/2025 13:05,Casablanca,Ain Sebaa,avito,Mercedes-Benz CLA 220 Auto casa,Automatique,2015
d511eefb-e717-4588-b26d-d0a7c8fcc080,volkswagen,,LUXURY AUTO,,Luxury auto met en vente vw golf 8 gtd avec beaucoup d’options intéressantes,Non,,diesel,fsd5giwqaufy_23,,Golf,,,12/05/2025 00:00,Casablanca,Casablanca,moteur,VOLKSWAGEN  Golf 8 Gtd,Automatique,
5651bf75-8051-4edf-ac39-672855ba8b20,audi,Excellent,SVR AUTOShopBadge Icon,5,"ABS, Airbags, CD/MP3/Bluetooth, Caméra de recul, Climatisation, ESP, Jantes aluminium, Limiteur de vitesse, Ordinateur de bord, Radar de recul, Régulateur de vitesse, Sièges cuir, Système de navigation/GPS, Toit ouvrant, Verrouillage centralisé à distance, Vitres électriques",Non,8,diesel,vabegwbh50ot_31,32499,Q3,Importée neuve,,12/05/2025 19:11,Tétouan,Saniat Rmal,avito,AUDI Q3 200 hp Quattro sline,Automatique,2024
aebaa8b1-7003-4061-8ee4-4a4b70c1fbc5,audi,,ALLALI ABDELMOTALIB,5,,Non,8,diesel,f1b2qwjgc7za_7,193000,Q3,,415000,12/05/2025 00:00,Casablanca,Casablanca,moteur,AUDI  Q3 2019,Automatique,
c9b6b617-3334-487e-864f-129eed914ca8,kia,Excellent,mohamed,5,"ABS, Airbags, CD/MP3/Bluetooth, Climatisation, ESP, Jantes aluminium, Radar de recul, Régulateur de vitesse, Verrouillage centralisé à distance, Vitres électriques",Oui,6,diesel,vq30ma2tso00_15,32499,Sportage,WW au Maroc,245000,12/05/2025 13:23,Casablanca,Anfa,avito,Kia Sportage Diesel Manuelle 2020 à Casablanca,Manuelle,2020
abf963b2-0c63-48cb-ada8-846d6c0c97a4,renault,,AUTO AYMANE,5,Renault clio 5 diesel toute options boîte manuel climatisation automatique volant multifonction limiteur régulateur jantes aluminium 16 pouces antibrouillard rétroviseurs elc caméra de recul écran de bord gps antibrouillard projecteurs gèzeno salon sport 4vittres elc bleutouth antibrouillard 1ère main entretien maison,Oui,6,diesel,joujajbu0h1d_1,129000,Clio,,,26/05/2025 00:00,Casablanca,Casablanca,moteur,RENAULT  Clio,Manuelle,
7fa6de76-d72c-4b2b-a0b6-082740b340e7,fiat,,BOUCETTA RAFIAA,3,"Fiat 500 club 1ere main imatriciulation **** la version club a l ensemble des options de la dolcevita,sans le toi ouvrant.la boite est automatique,la position manuel,vous permets de passer les vitesses sur les palettes sutuées sur volant.la voiture ce trouve dans un etat irréprochable .",Oui,7,essence,a7tkul1k81xo_24,8600,500,,150000,12/05/2025 00:00,Agadir,Agadir,moteur,FIAT  500 Club,Automatique,
8591128e-a8ad-4365-8d98-3006b14f39aa,honda,Très bon,Abdo carsShopBadge Icon,5,"Airbags, CD/MP3/Bluetooth, Climatisation, Jantes aluminium, Ordinateur de bord, Radar de recul, Système de navigation/GPS, Verrouillage centralisé à distance",Oui,6,essence,zauez0jzsl1h_13,134999,Jazz,WW au Maroc,130000,12/05/2025 19:11,Casablanca,Oulfa,avito,honda jazz model 2017,Automatique,2017
0648b3c6-7e47-405c-ae5b-2eb0c666da1d,mercedes-benz,,YASINE,,Mercedes a220 bien entretenu excellent etat model 2020 ded 2024 a rabat ط1 veuillez me contactez pour plus d’informations,Non,8,diesel,kunk1eob7do5_18,169000,Classe,,,26/05/2025 00:00,Casablanca,Casablanca,moteur,MERCEDES-BENZ  Classe a,Automatique,
06c110b1-9e53-4785-9db7-171c9ce7f033,fiat,,VOITURES PARTICULIERS CERTIFIéES,3,"Fiat **** l 69 lounge modèle 2019 avec un faible kilométrage 64000km en vente. la voiture a été expertisée suivant 100 points de contrôles. le rapport d’expertise détaillé est disponible sur demande, garantissant la qualité et la fiabilité du véhicule.   veuillez nous contacter pour plus d'informations ou pour voir le véhicule. financement est possible à partir de 3000mad/mois.",Non,7,essence,8qr5js40i18p_26,69000,500,,113000,12/05/2025 00:00,Casablanca,Casablanca,moteur,FIAT  500,Automatique,
b4668121-d4bc-4e71-9048-11bafc750cd2,land rover,Excellent,Billionaire CarsShopBadge Icon,5,,Oui,8,diesel,ggsev8tval3q_14,92499,Range Rover Evoque,WW au Maroc,,12/05/2025 12:16,Casablanca,Aïn Chock,avito,Land Rover Range Rover Evoque Diesel Automatique,Automatique,2020
da987057-0d2f-4663-bfc3-7c78c2a8b686,mercedes-benz,,SELECTIVE MOTORS CARS,3,Très belle cle 220 full options. 5 caméras. toit panoramique. sièges ventilés. sièges chauffants. distronic. vehicule full options.,Oui,8,diesel,4v8bmqab8oom_26,4000,Classe,,1030000,12/05/2025 00:00,Casablanca,Casablanca,moteur,MERCEDES-BENZ  Classe c,Automatique,
1e2e9e32-bfa5-41fb-beb5-7d8133fa421f,land rover,Excellent,YassineShopBadge Icon,5,"ABS, Airbags, CD/MP3/Bluetooth, Caméra de recul, Climatisation, ESP, Jantes aluminium, Limiteur de vitesse, Ordinateur de bord, Radar de recul, Régulateur de vitesse, Sièges cuir, Système de navigation/GPS, Toit ouvrant, Verrouillage centralisé à distance, Vitres électriques",Non,8,diesel,ufc66ynvpjx0_12,97499,Range Rover Evoque,WW au Maroc,340000,12/05/2025 13:38,Casablanca,Californie,avito,Range rover evoque bb velar,Automatique,2020
8d348d2f-976b-41d1-9a7c-e5376b926e2d,dacia,,STELLANTIS &YOU CASABLANCA,5,Dacia duster ambiance plus diesel automatique garantie : 12 mois / 50.000 km date de mise en circulation : novembre 2020 kilometrage : 60.000 le véhicule a été vérifié dans nos ateliers et soumis à 100 points de control. possibilité de reprise de votre véhicule et financement à crédit.,Oui,6,diesel,ujor2zcrej8g_20,59000,Duster,,179900,12/05/2025 00:00,Casablanca,Casablanca,moteur,DACIA  Duster,Automatique,
90bf3467-536c-44e2-bcfd-64020474ca51,kia,Neuf,IDOSCAR OCCAZShopBadge Icon,5,"ABS, Airbags, CD/MP3/Bluetooth, Caméra de recul, Climatisation, ESP, Limiteur de vitesse, Ordinateur de bord, Radar de recul, Régulateur de vitesse, Système de navigation/GPS, Verrouillage centralisé à distance, Vitres électriques",Oui,6,essence,n953nliq4v7e_11,2499,Picanto,WW au Maroc,139000,12/05/2025 13:05,Sale,Sala El Jadida,avito,Kia picanto 2025 essence manuelle,Manuelle,2025
43ad7c74-3624-42e0-b47b-b698d03cccd6,ford,,RIM,,Ford fiesta model 2017 a vendre,Oui,6,diesel,nrhayjqa1jry_3,,Fiesta,,97000,12/05/2025 00:00,Tanger,Tanger,moteur,FORD  Fiesta,Manuelle,
268e60ac-63ec-4ee9-8361-fd06731a9d31,dacia,Excellent,Simohamed,,"ABS, Airbags, CD/MP3/Bluetooth, Climatisation, ESP, Limiteur de vitesse, Ordinateur de bord, Régulateur de vitesse, Verrouillage centralisé à distance, Vitres électriques",Oui,6,diesel,uo7ow749g9h4_9,92499,Dokker,WW au Maroc,,12/05/2025 11:37,Casablanca,Aïn Chock,avito,Dacia Dokker loureat clim,Manuelle,2021
6717a9c1-0379-477c-9560-bad4906ada57,porsche,Bon,LAACHIRI AUTOShopBadge Icon,5,,,24,essence,ydk6cwy9lpi6_29,124999,Panamera,Importée neuve,250000,12/05/2025 19:11,Tanger,Californie,avito,PORSCHE PANAMERA TURBO PDK 4.8 V8 500CH,Automatique,
7f2a45b3-c79a-460c-a8b0-8f706c763da2,mercedes-benz,Excellent,MED,,"ABS, Airbags, CD/MP3/Bluetooth, Caméra de recul, Climatisation, ESP, Jantes aluminium, Limiteur de vitesse, Ordinateur de bord, Radar de recul, Régulateur de vitesse, Sièges cuir, Système de navigation/GPS, Toit ouvrant, Verrouillage centralisé à distance, Vitres électriques",,8,diesel,sr4got4r1vt4_27,114999,Classe A,Dédouanée,,12/05/2025 12:27,Tanger,Centre ville,avito,Mercedes CLA 200 amg,Automatique,2019
a70936cc-7d0c-42ec-84a7-e9f40dd88255,mercedes-benz,,KIFAL AUTOShopBadge Icon,,,,8,diesel,s3zyu6n6a31z_35,7499,Classe A,,440000,12/05/2025 11:37,Casablanca,Autre secteur,avito,KIFAL - MERCEDES-BENZ Classe A Berline,Automatique,2024
7ceb5542-07b9-4979-94ff-3016bbe90e99,renault,Neuf,auto confort 44ShopBadge Icon,5,"ABS, Airbags, CD/MP3/Bluetooth, Climatisation, ESP, Jantes aluminium, Limiteur de vitesse, Radar de recul, Régulateur de vitesse, Sièges cuir, Système de navigation/GPS, Toit ouvrant, Verrouillage centralisé à distance, Vitres électriques",Non,6,diesel,ioluu8g4gfta_25,134999,Clio,WW au Maroc,,12/05/2025 10:41,Tétouan,Touabel,avito,Renault Clio Diesel Automatique 2017 à Tétouan,Automatique,2017
a6091530-5263-4b87-91b4-34486625aeda,land rover,Très bon,Auto arfoudShopBadge Icon,5,"ABS, Airbags, CD/MP3/Bluetooth, Caméra de recul, Climatisation, ESP, Jantes aluminium, Limiteur de vitesse, Ordinateur de bord, Radar de recul, Régulateur de vitesse, Sièges cuir, Système de navigation/GPS, Toit ouvrant, Verrouillage centralisé à distance, Vitres électriques",Non,8,diesel,ckpx4vp1u3s4_10,67499,Range Rover Evoque,WW au Maroc,,12/05/2025 11:30,Rabat,Autre secteur,avito,Range Rover Evoque R dynamic à Sale el jadida,Automatique,2020
c3113dc7-4658-4519-9843-0264750286e0,citroen,,ABDESSAMAD,5,Bla smsara,Oui,6,diesel,8giohtxd09hs_29,160000,C-elysee,,120000,26/05/2025 00:00,Kenitra,Kenitra,moteur,CITROEN  C-elysee 2020,Automatique,
bd502790-7279-450b-9675-6681a4d8676a,peugeot,,VOITURES PARTICULIERS CERTIFIéES,5,"•avito / moteur.ma vous proposer : •peugeot **** km - modele 2023 en vente. •véhicule en excellent état •la voiture a été expertisée suivant plus de 50 points de contrôles. •le rapport d’expertise détaillé est disponible sur demande, garantissant la qualité et la fiabilité du véhicule. •le financement est disponible auprès de wafasalaf veuillez nous contacter pour plus d'informations ou pour voir le véhicule.",Oui,6,diesel,fh6mzk8um16b_18,64000,208,,168000,12/05/2025 00:00,Casablanca,Casablanca,moteur,PEUGEOT  208,Manuelle,
dbdd379c-b578-49df-b85d-aa329025e621,volkswagen,,AUTO EMERAUDE,5,Véhicule en excellent état pour plus d’info contactez nous,Oui,12,diesel,rd3xkbtf5wzm_19,14000,Touareg,,,12/05/2025 00:00,Casablanca,Casablanca,moteur,VOLKSWAGEN  Touareg,Automatique,
decf99f5-3f8a-4705-8c26-38b79e0fda9b,volkswagen,,AUTO ELYOUSSEFI,5,Je me en vente une belle voiture volkswagen golf gtd tt options,Oui,8,diesel,l88h5je02qde_8,129000,Golf,,,12/05/2025 00:00,Casablanca,Casablanca,moteur,VOLKSWAGEN  Golf 7,Automatique,
807b8d8d-3af0-4ce3-9d92-6d3f345b4060,nissan,,STELLANTIS &YOU CASABLANCA,5,Garantie 12 mois ou 50.000 km date de mise en circulation : octobre 2019 kilometrage : 40.000km le véhicule a été vérifié dans nos ateliers et soumis à 100 points de contrôle possibilité de reprise de votre véhicule et financement à crédit.,Oui,6,diesel,71loxmmezwv2_27,39000,Qashqai,,228000,26/05/2025 00:00,Casablanca,Casablanca,moteur,NISSAN  Qashqai,Automatique,
fbf4f563-55eb-40ae-9a33-7470b23df970,bmw,,BMW PREMIUM SELECTION,5,Voiture jamais immatriculée.,Oui,11,hybride,tv93nemnt1ni_5,4000,Serie,,595000,26/05/2025 00:00,Casablanca,Casablanca,moteur,BMW  Serie 5,Automatique,
759ecc12-1bc5-4da8-bcbf-2ba212585e93,volkswagen,Excellent,MoaadeShopBadge Icon,5,"ABS, Airbags, CD/MP3/Bluetooth, Caméra de recul, Climatisation, ESP, Jantes aluminium, Limiteur de vitesse, Ordinateur de bord, Radar de recul, Régulateur de vitesse, Verrouillage centralisé à distance, Vitres électriques",Oui,11,diesel,xwygjsbhw58t_3,274999,Touareg,WW au Maroc,94000,12/05/2025 13:05,Casablanca,Aïn Chock,avito,Volkswagen Touareg Diesel Automatique 2009,Automatique,2009
196e53c3-f1d5-4892-a93b-339d8a427f9d,opel,Excellent,MH AUTOKAZShopBadge Icon,5,"ABS, Airbags, CD/MP3/Bluetooth, Caméra de recul, Climatisation, ESP, Jantes aluminium, Limiteur de vitesse, Ordinateur de bord, Radar de recul, Régulateur de vitesse, Système de navigation/GPS, Verrouillage centralisé à distance, Vitres électriques",Oui,6,diesel,kgynb4tswohd_20,104999,Astra,WW au Maroc,,12/05/2025 13:05,Marrakech,Massira 1,avito,OPEL ASTRA Diesel Manuelle 2019 à Marrakech,Manuelle,2019
a209684f-7b06-4721-b67c-2c3290121638,audi,Très bon,anass,5,"ABS, Airbags, CD/MP3/Bluetooth, Caméra de recul, Climatisation, ESP, Jantes aluminium, Limiteur de vitesse, Ordinateur de bord, Radar de recul, Régulateur de vitesse, Sièges cuir, Système de navigation/GPS, Verrouillage centralisé à distance, Vitres électriques",,8,diesel,fc4q20jturit_15,274999,Q5,WW au Maroc,240000,12/05/2025 10:41,Casablanca,2 Mars,avito,Audi Q5 Sline,Automatique,2016
1882d464-5026-4738-9812-cc86bf9386b0,volkswagen,Excellent,LAVAGE AUTO SAADShopBadge Icon,5,"ABS, Airbags, CD/MP3/Bluetooth, Caméra de recul, Climatisation, ESP, Jantes aluminium, Limiteur de vitesse, Ordinateur de bord, Radar de recul, Régulateur de vitesse, Système de navigation/GPS, Toit ouvrant, Verrouillage centralisé à distance, Vitres électriques",Non,8,diesel,hrhywj1y24lh_26,114999,Golf 7,WW au Maroc,217000,12/05/2025 13:33,Casablanca,2 Mars,avito,Glof 7 diesel automatique,Automatique,2021
b456a32b-5e45-42a9-9832-0b5b08d73f53,volkswagen,Très bon,auto rifShopBadge Icon,5,"ABS, Airbags, CD/MP3/Bluetooth, Caméra de recul, Climatisation, ESP, Jantes aluminium, Limiteur de vitesse, Ordinateur de bord, Radar de recul, Régulateur de vitesse, Sièges cuir, Système de navigation/GPS, Toit ouvrant, Verrouillage centralisé à distance, Vitres électriques",Oui,8,diesel,zg35akunylir_14,22499,Golf 8,Importée neuve,368000,12/05/2025 13:01,Tanger,Drissia,avito,Volkswagen Golf8 RLine 2021,Automatique,2021
28d69020-5439-4181-931b-6cb46e268200,land-rover,,AUTO ELYOUSSEFI,5,Je me en vente une belle voiture land rover range rover evoque tt options fin 2016,Oui,8,diesel,bayl53chtzda_21,199000,Range,,,12/05/2025 00:00,Casablanca,Casablanca,moteur,LAND-ROVER  Range rover evoque,Automatique,
a8e088d2-4dd8-446d-b345-9f75ba20b10c,volkswagen,Excellent,Yasser,5,"ABS, Airbags, CD/MP3/Bluetooth, Caméra de recul, Climatisation, ESP, Jantes aluminium, Limiteur de vitesse, Ordinateur de bord, Radar de recul, Régulateur de vitesse, Sièges cuir, Système de navigation/GPS, Toit ouvrant, Verrouillage centralisé à distance, Vitres électriques",Non,8,diesel,c4bypq58ddg8_16,104999,T-Roc,WW au Maroc,314000,12/05/2025 10:41,Meknes,Autre secteur,avito,troc extreme 2021,Automatique,2021
17860db5-de59-4107-97a0-ec9707c6097e,mercedes-benz,Très bon,Fajrine AutoShopBadge Icon,5,"ABS, Airbags, CD/MP3/Bluetooth, Caméra de recul, Climatisation, ESP, Jantes aluminium, Limiteur de vitesse, Ordinateur de bord, Radar de recul, Régulateur de vitesse, Sièges cuir, Système de navigation/GPS, Verrouillage centralisé à distance, Vitres électriques",Oui,8,diesel,bb5zewhm8rh8_6,124999,Classe CLA,WW au Maroc,,12/05/2025 11:37,Casablanca,Maarif,avito,Mercedes-Benz Classe CLA Diesel Automatique 2018,Automatique,2018
6ce5826e-f8b4-4f7c-8f9b-4fa2db9d9dda,audi,,RT AUTO,5,Audi rs4 2022 km 33000 full pour plus d’informations contactez nous,Oui,17,essence,8tft1hppyg0s_12,34000,A4,,,12/05/2025 00:00,Casablanca,Casablanca,moteur,AUDI  A4,Automatique,
2814211d-3bd9-44d1-996a-e2134aacec85,volkswagen,Excellent,AUTO - العلالي ShopBadge Icon,5,"ABS, Airbags, CD/MP3/Bluetooth, Caméra de recul, Climatisation, ESP, Jantes aluminium, Limiteur de vitesse, Ordinateur de bord, Radar de recul, Régulateur de vitesse, Sièges cuir, Système de navigation/GPS, Toit ouvrant, Verrouillage centralisé à distance, Vitres électriques",Oui,8,diesel,s01oc04tc63n_28,114999,Tiguan,Dédouanée,475000,12/05/2025 11:30,Meknes,Bele Vue,avito,tiguan R line Gris nardo M2021 D2024,Automatique,2021
2ed137d8-bc69-4ef9-88ec-9be4a1e56ac7,bentley,Excellent,Luxury AutoShopBadge Icon,5,,Oui,17,hybride,x1b4ydrsrtm7_9,17499,Bentayga,,,12/05/2025 12:27,Casablanca,Anfa,avito,Bentley Bentayga Hybride 2024,Automatique,2024
61a430c5-6988-410e-a5e0-508c4cea3e94,mercedes-benz,,LUXURY AUTO,5,"luxury auto met en vente mercedes-benz s 400d 4matic limousine, 2021, 33000 km avec beaucoup d’options intéressantes",Non,12,diesel,d5zpktrl1gpd_19,33000,Classe,,,12/05/2025 00:00,Casablanca,Casablanca,moteur,MERCEDES-BENZ  Classe s 400 d 4matic…,Automatique,
cd0257eb-e82e-4f15-b00a-471bad8a4220,volkswagen,Très bon,el maghraoui ShopBadge Icon,5,"ABS, Airbags, CD/MP3/Bluetooth, Caméra de recul, Climatisation, ESP, Jantes aluminium, Limiteur de vitesse, Ordinateur de bord, Radar de recul, Régulateur de vitesse, Sièges cuir, Système de navigation/GPS, Toit ouvrant, Verrouillage centralisé à distance, Vitres électriques",Oui,8,diesel,jetx2t87i293_27,174999,T-Roc,WW au Maroc,285000,12/05/2025 13:05,Sale,Lakhmis,avito,Volkswagen T-Roc Diesel Automatique 2021 à Salé,Automatique,2021
c6efbfa3-d6f5-42ef-9e45-8f65750bc344,volkswagen,Excellent,SAID,,,,8,diesel,3itnop5cq5bq_17,274999,Tiguan,Dédouanée,,12/05/2025 13:23,Berrechid,Toute la ville,avito,Volkswagen Tiguan Diesel Manuelle 2009 à Berrechid,Manuelle,2009
530b5497-bd43-4c80-80ca-91ba10378871,porsche,,VOITURES PARTICULIERS CERTIFIéES,5,"•avito / moteur.ma vous proposer : •porshe - meccan - diesel 8750km - année 2019 en vente. •véhicule en excellent état •la voiture a été expertisée suivant plus de 50 points de contrôles. •le rapport d’expertise détaillé est disponible sur demande, garantissant la qualité et la fiabilité du véhicule. •le financement est disponible auprès de wafasalaf veuillez nous contacter pour plus d'informations ou pour voir le véhicule.",Oui,14,hybride,smvpnx66k34d_10,9000,Cayenne,,1700000,12/05/2025 00:00,Casablanca,Casablanca,moteur,PORSCHE  Cayenne,Automatique,
508303dc-e3f5-4bc6-b894-29d42e56d963,bmw,Excellent,TGV AUTOShopBadge Icon,5,"ABS, Airbags, CD/MP3/Bluetooth, Caméra de recul, Climatisation, ESP, Jantes aluminium, Limiteur de vitesse, Ordinateur de bord, Radar de recul, Régulateur de vitesse, Sièges cuir, Verrouillage centralisé à distance, Vitres électriques",Oui,8,diesel,i87poe8g49ar_27,82499,X3,WW au Maroc,,12/05/2025 11:30,Casablanca,Belvédère,avito,Bmw X3 DIESEL,Automatique,2020
37a7220b-bd72-48a9-b06e-5961cf223ba1,seat,,AUTO AYMANE,5,Seat ateca diesel toute options boîte automatique climatisation automatique volant multifonction limiteur /régulateur 4vittres elc jantes aluminium twa ouvrant panoramique projecteurs gèzeno les laides avant et arrière rétroviseur rabattabel antibrouillard radar de recul avant et arrière overture et démarrage empreinte écran de bord gps caméra de recul 1ère main entretien maison,Oui,8,diesel,7dc0oczpjwo7_8,169000,Ateca,,,26/05/2025 00:00,Casablanca,Casablanca,moteur,SEAT  Ateca,Automatique,
f9ecd00e-df43-4f89-a228-0230b9d9d1e1,renault,Excellent,Ait saoun autoShopBadge Icon,5,"ABS, Airbags, CD/MP3/Bluetooth, Caméra de recul, Climatisation, ESP, Jantes aluminium, Limiteur de vitesse, Ordinateur de bord, Radar de recul, Régulateur de vitesse, Sièges cuir, Système de navigation/GPS, Toit ouvrant, Verrouillage centralisé à distance, Vitres électriques",Non,6,diesel,lixvuxs0266u_28,124999,Clio,WW au Maroc,,12/05/2025 11:37,Sale,Sala El Jadida,avito,Renault clio 4 manuel,Manuelle,2019
72721980-d14f-4443-ae9f-f907331d9064,citroën,Très bon,el hadi,5,,Oui,7,diesel,2zfidn7suao9_23,374999,Berlingo,WW au Maroc,68000,12/05/2025 13:23,Meknes,Ville Nouvelle,avito,Citroën Berlingo Diesel Manuelle 2005 à Meknès,Manuelle,2005
1e7d700c-699a-4902-8a91-06eb4c869525,volkswagen,,AUTO SALA EL JADIDA,5,Auto sala el jadida mets en vente une nouvelle volkswagen touareg x-treme 3.0l v6 259ch mise en circulation novembre 2022 km : 95.000 réel kilométrage certifié peinture originale 1er main particulier suivi régulier chez volkswagen notre emplacement est disponible sur google maps et waze on acceptent également la reprise,Oui,12,diesel,2vc2blpihigi_18,94000,Touareg,,,12/05/2025 00:00,Rabat,Rabat,moteur,VOLKSWAGEN  Touareg,Automatique,
304a928d-f4b7-48f7-8f6f-1c4ed93ed2a0,porsche,,HIVERNAGE AUTO,5,Véhicule neuf fraichement importé full options n'hésitez pas a nous contacter pour plus d'infos,Non,17,hybride,cacpordh60r4_18,4000,Cayenne,,,12/05/2025 00:00,Casablanca,Casablanca,moteur,PORSCHE  Cayenne,Automatique,
be0a04b4-dd41-4411-be5d-f871c2f6f483,peugeot,,OTOCLIC,5,"Otoclic, meilleure adresse d’achat et vente des voitures et des véhicules d’occasion vous propose une voiture de première main en excellent état, mise en circulation en 2021, bien entretenue, affiche un faible kilométrage réel et dispose de la majorité des options de sa gamme. l'acheteur peut visiter et vérifier la voiture dans notre showroom otoclic en toute transparence et toute confiance les service otoclic sont rachat de votre ancienne voiture d’occasion avec un bon prix vente de voiture d’occasion avec le juste prix du marché dépôt de vente, plusieurs solutions de financement de votre voiture, jusqu’à 6 mois de garantie, satisfait ou remboursé, plusieurs formules d'assurance, prise en charge des démarches administratives, service après-vente, reprise en moins de 2 heures, otoclic achetez et vendez votre voiture en toute confiance.",Oui,6,diesel,6hggzibwgbcy_24,64000,3008,,326000,12/05/2025 00:00,Casablanca,Casablanca,moteur,PEUGEOT  3008,Automatique,
6b3a3efe-2bd3-4fd4-9890-680178a416ff,audi,,AUTO EMERAUDE,5,Véhicule en excellent état pour plus d’info contactez nous,Oui,12,diesel,2c4hphmt0f0x_4,129000,Q5,,,12/05/2025 00:00,Casablanca,Casablanca,moteur,AUDI  Q5,Automatique,
82cad212-a6aa-4a1e-adcb-492d13d684e3,peugeot,,OTOCLIC,5,"Otoclic, meilleure adresse d’achat et vente des voitures et des véhicules d’occasion vous propose une voiture de première main en excellent état, mise en circulation en 2023, bien entretenue, affiche un faible kilométrage réel et dispose de la majorité des options de sa gamme. l'acheteur peut visiter et vérifier la voiture dans notre showroom otoclic en toute transparence et toute confiance les service otoclic sont rachat de votre ancienne voiture d’occasion avec un bon prix, vente de voiture d’occasion avec le juste prix du marché, dépôt de vente, plusieurs solutions de financement de votre voiture, jusqu’à 6 mois de garantie, satisfait ou remboursé, plusieurs formules d'assurance, prise en charge des démarches administratives, service après-vente, reprise en moins de 2 heures, otoclic achetez et vendez votre voiture en toute confiance.",Oui,8,diesel,x7nyw1rloykb_23,24000,5008,,349000,12/05/2025 00:00,Casablanca,Casablanca,moteur,PEUGEOT  5008,Automatique,
f04a756e-568c-4ef3-8087-b47076bd3a75,suzuki,,STELLANTIS &YOU CASABLANCA,5,Suzuki swift essence automatique avec écran tactile garantie constructeur : 3 ans / 100.000 km à partir de la date de mec date de mise en circulation : mars 2024 kilometrage : 22.200 km stellantis&you met en vente un véhicule d’occasion quasi neuf. le véhicule a été vérifié dans nos ateliers et soumis à un contrôle rigoureux possibilité de reprise de votre véhicule et financement à crédit.,Oui,7,essence,e0antl4un3y3_23,24000,Swift,,159000,12/05/2025 00:00,Casablanca,Casablanca,moteur,SUZUKI  Swift,Automatique,
bc47aacd-40fa-40a5-bc2d-8c444326ec3e,jeep,,SELECT GARANTIE,5,Jeep vrangler diesel version sahara en excellent État bien entretenu contacter select garantie.,Non,11,diesel,bl6v1qu5g5yv_15,79000,Wrangler,,,26/05/2025 00:00,Marrakech,Marrakech,moteur,JEEP  Wrangler,Automatique,
1ca1a3b1-3bf0-40ca-bace-abbf4d29beab,fiat,,STELLANTIS &YOU CASABLANCA,5,Fiat 500 lounge garantie 12 mois ou 50.000 km date de mise en circulation : septembre 2022 kilometrage : 13.000km le véhicule a été vérifié dans nos ateliers et soumis à un contrôle rigoureux possibilité de reprise de votre véhicule et financement à crédit.,Oui,7,essence,kws2bm3u94rg_26,14000,500,,148000,12/05/2025 00:00,Casablanca,Casablanca,moteur,FIAT  500,Automatique,
90c52841-f2d7-4db6-a221-2a4dfea96996,hyundai,,VOITURES PARTICULIERS CERTIFIéES,5,"•avito / moteur.ma vous proposer : •hyundai - i10 30000 km - modele 2020 en vente. •véhicule en excellent état •la voiture a été expertisée suivant plus de 50 points de contrôles. •le rapport d’expertise détaillé est disponible sur demande, garantissant la qualité et la fiabilité du véhicule. •le financement est disponible auprès de wafasalaf veuillez nous contacter pour plus d'informations ou pour voir le véhicule.",Non,6,essence,k03uf6cpr0d1_15,34000,I10,,107000,12/05/2025 00:00,Casablanca,Casablanca,moteur,HYUNDAI  I10,Manuelle,
5cffaef3-36a4-4df2-882f-1b1082e4e36d,bmw,Très bon,abdellatif,5,"ABS, Airbags, CD/MP3/Bluetooth, Caméra de recul, Climatisation, Jantes aluminium, Limiteur de vitesse, Ordinateur de bord, Radar de recul, Régulateur de vitesse, Verrouillage centralisé à distance, Vitres électriques",Oui,8,diesel,idntsxud45mo_16,72499,X3,WW au Maroc,300000,12/05/2025 12:16,Tanger,Centre ville,avito,BMW X3 S DRIVE,Automatique,2019
66b31a51-3191-422a-a2d1-cdb2de6c71ae,audi,,KIFAL AUTO,,"Référence kifal : #veh0000xmb kifal auto s'occupe de la vente d'une audi sq5 i - ph2 - 50 tdi sq5 sportback s-line bva 341ch pour le compte de son client particulier. la voiture est expertisée suivant 150 points de contrôles et ne présente pas d'accident ou de blocage administratif. kifal auto n'a pas de garage, la voiture est chez son propriétaire à casablanca. il n'y a pas de frais pour l'acheteur. veuillez nous contacter pour plus d'informations ou pour voir le véhicule. marque : audi modele : sq5 version : 2022 carburant : diesel transmission : automatique kilométrage : 69 972 km mise en circulation : 04-2022 1ere main : oui origine : ww maroc.",Non,12,diesel,is3zexqod212_4,69000,Q5,,750000,12/05/2025 00:00,Casablanca,Casablanca,moteur,AUDI  Q5,Automatique,
5d5be146-078f-4fde-82e0-a75bb4343f51,land-rover,,AUTO HASSAN ALKHAYAT,5,Full options bas km,Oui,12,diesel,sm8n57wuho1w_13,139000,Range,,,12/05/2025 00:00,Marrakech,Marrakech,moteur,LAND-ROVER  Range rover sport,Automatique,
72638952-a8f5-4ef9-809f-8017f98eb7db,ford,,BRAHIM,5,Ford fusion diesel model 2018 automatique a vendre km 199000,Non,7,diesel,s07siqly25wk_30,199000,Fusion,,180000,26/05/2025 00:00,Temara,Temara,moteur,FORD  Fusion 2018,Automatique,
a2acf803-9cdb-4d5d-8d98-45bc096050aa,citroen,,AUTO ABDERRAHIM,5,Citroën c3 modèle 2019 diesel tomobil jdida baqa nqiya tout options kelomitrage original محل لبيع وشراء السيارات المعلومات موجودة في الاعلان,Oui,6,diesel,8ogt7vnx8bka_26,109000,C3,,128000,12/05/2025 00:00,Marrakech,Marrakech,moteur,CITROEN  C3,Manuelle,
fad5a4b5-45ba-4f7d-aecc-426e9c28eb11,hyundai,,AUTO AYMANE,5,Hyundai tucson diesel model 2020/11 toute options boîte automatique climatisation automatique volant multifonction limiteur régulateur jantes aluminium 17 pouces antibrouillard rétroviseurs rabattabel caméra de recul écran de bord gps radar de recul avant et arrière démarrage et ouverture emprante salon sport elc chofant mémoire 4vittres elc 1ère main entretien maison,Oui,6,diesel,r3uwutq491yf_25,169000,Tucson,,,12/05/2025 00:00,Casablanca,Casablanca,moteur,HYUNDAI  Tucson,Automatique,
840afcf9-2e63-4a91-bd9e-0ef4e7ff63e1,mercedes-benz,Excellent,auto ziniShopBadge Icon,5,,Non,7,diesel,k8k7im6dauai_21,114999,Classe CLA,WW au Maroc,240000,12/05/2025 13:05,Casablanca,Oulfa,avito,Mercedes-Benz Classe CLA Diesel Automatique 2018,Automatique,2018
78c01248-a93d-4c03-ad47-e3dca98a8468,nissan,Très bon,ANH AutoShopBadge Icon,5,,Oui,6,diesel,58ye04fwby5s_2,224999,Qashqai,WW au Maroc,178000,12/05/2025 12:27,Marrakech,Massira 1,avito,Nissan Qashqai Diesel,Manuelle,2016
13abb447-bf5e-4fda-92cf-8d86000ebea8,dacia,Excellent,El khamlichi,5,"ABS, Airbags, CD/MP3/Bluetooth, Caméra de recul, Climatisation, ESP, Jantes aluminium, Limiteur de vitesse, Régulateur de vitesse, Système de navigation/GPS, Verrouillage centralisé à distance, Vitres électriques",Oui,6,diesel,nf33t69mkraq_22,97499,Logan,WW au Maroc,142000,12/05/2025 19:11,Tétouan,Centre ville,avito,dacia logan,Manuelle,2022
b35f28fe-b293-46d4-b964-a8783309f9eb,mercedes-benz,Très bon,Auto arfoudShopBadge Icon,5,"ABS, Airbags, CD/MP3/Bluetooth, Caméra de recul, Climatisation, ESP, Jantes aluminium, Limiteur de vitesse, Ordinateur de bord, Radar de recul, Régulateur de vitesse, Sièges cuir, Système de navigation/GPS, Verrouillage centralisé à distance, Vitres électriques",Oui,6,diesel,sr7n4iq2o4kc_1,114999,Classe A,Dédouanée,,12/05/2025 11:36,Sale,Sala El Jadida,avito,Mercedes Classe A Coupé 180d 2018 dédouaner 2019,Automatique,2018
f99590dd-24e5-4b98-a983-5088fc507b7c,audi,,HIVERNAGE AUTO,5,Véhicule importé excellent état très bien entretenu,Oui,12,diesel,qp9uky61zb77_20,54000,Q8,,,12/05/2025 00:00,Casablanca,Casablanca,moteur,AUDI  Q8,Automatique,
714c1c17-d4a9-4dfd-8112-d3ea6acdd2e7,mercedes-benz,,C'ZAM AUTO,5,"G63 facelift neuf 0 kilomètres import neuf ce véhicule a été importé d’allemagne disponible de suite à oujda et à casablanca possible aussi sur tanger immatriculation rabat garantie constructeur, 2 ans financement possible livraison partout au maroc d’autres choix disponibles, appelez-nous pour information",Oui,23,essence,728xwxh5bq12_29,4000,Classe,,,12/05/2025 00:00,Oujda,Oujda,moteur,MERCEDES-BENZ  Classe g,Automatique,
4193a2b9-2864-4975-977f-5b88a0d23bb9,audi,Très bon,Mohamed,,"ABS, Airbags, CD/MP3/Bluetooth, Climatisation, ESP, Jantes aluminium, Limiteur de vitesse, Ordinateur de bord, Radar de recul, Régulateur de vitesse, Sièges cuir, Système de navigation/GPS, Verrouillage centralisé à distance, Vitres électriques",Non,8,diesel,piaumj8r3ekz_32,274999,A4,WW au Maroc,158000,12/05/2025 12:27,Marrakech,Annakhil,avito,Audi A4 2016,Automatique,2016
19607e5b-848f-4a3d-86c1-5e56f490ecc7,abarth,,STELLANTIS &YOU CASABLANCA,3,Abarth 595 tourismo garantie constructeur : 3 ans / 100.000 km à partir de la date de mec date de mise en circulation : juillet 2022 kilometrage : 19.500 km stellantis&you met en vente un véhicule d’occasion quasi neuf. le véhicule a été vérifié dans nos ateliers et soumis à un contrôle rigoureux possibilité de reprise de votre véhicule et financement à crédit.,Non,8,essence,qtdwgr64o2aq_21,19000,595,,235000,12/05/2025 00:00,Casablanca,Casablanca,moteur,ABARTH  595,Automatique,
aca53f56-697b-46c7-9b18-c13edfbd0884,audi,Très bon,abdellah rizki,,"ABS, Airbags, Climatisation, ESP, Jantes aluminium, Limiteur de vitesse, Radar de recul, Régulateur de vitesse, Sièges cuir, Système de navigation/GPS, Vitres électriques",Oui,12,diesel,b55phsfblm5r_18,324999,Q7,WW au Maroc,128000,12/05/2025 11:30,Marrakech,Allal El Fassi,avito,Audi Q7 Diesel Automatique 2010 à Marrakech,Automatique,2010
76868ee2-7c06-4a4e-bc52-d639e2d416ed,citroen,,NADO.MA,5,"C5 aircross feel 2.0 bluehdi 180 eat8 boîte à vitesse automatique 8 rapports. transmission 4x4 8airbags,abs,esp,antipatinage,aide au freinage d'urgence,antidémarrage électronique aide au démarrage en côte,sélecteur de mode de conduite,ordinateur de bord régulateur de vitesse ( cruise control ),détecteur de pluie,allumage automatique des feux,frein à main électrique ecran tactile,cockpit digital",Oui,8,diesel,dwvdlsvkwyfh_6,99000,C5,,215000,12/05/2025 00:00,Casablanca,Casablanca,moteur,CITROEN  C5,Automatique,
bf817fe0-d1db-4fc2-aaec-31303bcdd240,land-rover,,YASINE,,Rang rover bien entretenue mod 2017 merci de nous contactez pour plus d’informations porsche mercedes volkswagen audi hyundai tesla,Non,8,diesel,wt6yqsj7o24q_25,129000,Range,,,26/05/2025 00:00,Casablanca,Casablanca,moteur,LAND-ROVER  Range rover sport,Automatique,
2c8b11c0-bf96-4dd2-85dd-2946e3f81f27,fiat,,STELLANTIS &YOU CASABLANCA,3,Fiat 500 pack dolcevita garantie constructeur : 3 ans / 100.000 km à partir de la date de mec date de mise en circulation : mars 2024 kilometrage : 18.000 km stellantis&you met en vente un véhicule d’occasion quasi neuf. le véhicule a été vérifié dans nos ateliers et soumis à un contrôle rigoureux possibilité de reprise de votre véhicule et financement à crédit.,Oui,7,essence,p917rbemhxpm_30,14000,500,,159000,12/05/2025 00:00,Casablanca,Casablanca,moteur,FIAT  500,Automatique,
ca0206ce-79ba-467a-be32-62ee92ab8316,peugeot,Très bon,VIP Auto TangerShopBadge Icon,5,"ABS, Airbags, CD/MP3/Bluetooth, Climatisation, ESP, Jantes aluminium, Limiteur de vitesse, Ordinateur de bord, Radar de recul, Régulateur de vitesse, Système de navigation/GPS, Verrouillage centralisé à distance, Vitres électriques",Non,6,diesel,irx9zzh6hmm7_26,52499,208,WW au Maroc,187000,12/05/2025 12:16,Tanger,Mozart,avito,Peugeot 208 diesel automatique 2022,Automatique,2022
2a6a0c44-72c7-4ca3-ac78-f7f65ffb583c,volkswagen,,AUTO AYMANE,5,Volkswagen arteon élégance model 2019/11diesel toutes options automatique climatisation automatique volant multifonction limiteur régulateur jantes aluminium 18 pouces projecteur xénon écran de bord gps radar de recul avant et arrière antibrouillard rétroviseurs rabattabel caméra de recul salon semi cuir elc chofant 4 vitter elc dèmarage et ouverture emprante 1ère main entretien maison,Oui,8,diesel,9md73xv1x1wk_3,169000,Arteon,,,26/05/2025 00:00,Casablanca,Casablanca,moteur,VOLKSWAGEN  Arteon,Automatique,
ad133250-cf48-4504-a99d-acdf22ef2e5a,jeep,,NADO.MA,3,Jeep wrangler sahara diesel automatique 2016 à casablanca voir la voiture en video sur notre site nad0.ma,Oui,11,diesel,8gkrrjfjaskc_11,129000,Wrangler,,300000,12/05/2025 00:00,Casablanca,Casablanca,moteur,JEEP  Wrangler 2.8,Automatique,
9eaa7426-9908-4bd1-aa02-5b7dd01a5d17,toyota,Excellent,IDOSCAR OCCAZShopBadge Icon,5,"ABS, Airbags, CD/MP3/Bluetooth, Caméra de recul, Climatisation, ESP, Jantes aluminium, Limiteur de vitesse, Ordinateur de bord, Radar de recul, Régulateur de vitesse, Sièges cuir, Système de navigation/GPS, Verrouillage centralisé à distance, Vitres électriques",Oui,10,hybride,077mtcfdrsi2_10,114999,Corolla,WW au Maroc,210000,12/05/2025 13:05,Sale,Sala El Jadida,avito,Toyota corolla prestige 2020 hybride,Automatique,2020
5167e446-7538-4304-94fb-a72638ed7f3f,skoda,,محمد نوار,5,Skoda model : kodiaq,Oui,8,diesel,rbxbn6vye71o_24,34300,Kodiaq,,350000,12/05/2025 00:00,Marrakech,Marrakech,moteur,SKODA  Kodiaq,Automatique,
c3b30e30-4caa-482c-9814-ca3bdf4176b8,land-rover,,AUTO ELYOUSSEFI,5,Je me en vente une belle voiture land rover range rover evoque tt options,Oui,8,diesel,qkuk4d2bz0or_10,94000,Range,,,12/05/2025 00:00,Casablanca,Casablanca,moteur,LAND-ROVER  Range rover evoque,Automatique,
1424e99f-fa25-4271-8f25-db45dcfe2c4e,renault,,STELLANTIS &YOU CASABLANCA,5,Renault express 2 porte latérales garantie constructeur : 3 ans / 100.000 km à partir de la date de mec date de mise en circulation : fevrier 2023 kilometrage : 26.300km stellantis&you met en vente un véhicule d’occasion quasi neuf. le véhicule a été vérifié dans nos ateliers et soumis à un contrôle rigoureux possibilité de reprise de votre véhicule et financement à crédit.,Non,6,diesel,n6mwfacrv6rm_28,29000,Express,,158000,12/05/2025 00:00,Casablanca,Casablanca,moteur,RENAULT  Express,Manuelle,
d7dbf1f0-b05c-434f-bc90-ae93fd06e2ea,seat,Excellent,Yassir,5,"ABS, Airbags, CD/MP3/Bluetooth, Climatisation, ESP, Jantes aluminium, Limiteur de vitesse, Ordinateur de bord, Radar de recul, Régulateur de vitesse, Sièges cuir, Système de navigation/GPS, Toit ouvrant, Verrouillage centralisé à distance, Vitres électriques",Oui,6,diesel,zsnowaouqa9l_26,154999,Ateca,Dédouanée,,12/05/2025 10:41,Kenitra,Bir Rami,avito,Seat Ateca Style 2L Modèle 2021/02 déd 04/2025,Automatique,2021
d91ace07-70dc-4854-b0dd-a4529be65d53,alfa romeo,Bon,VOITURES TILILAShopBadge Icon,3,"ABS, Airbags, CD/MP3/Bluetooth, Caméra de recul, Climatisation, Jantes aluminium, Limiteur de vitesse, Ordinateur de bord, Radar de recul, Régulateur de vitesse, Sièges cuir, Verrouillage centralisé à distance, Vitres électriques",Non,5,diesel,97ottwszdod1_15,184999,MiTo,Dédouanée,75000,12/05/2025 11:30,Agadir,Tilila,avito,alfa Roméo meto mazout modèle 2009 diwana 2013,Manuelle,2009
77cfb7fd-88ec-4c42-8dc5-fa41f60f3cad,audi,Excellent,VIP Auto TangerShopBadge Icon,5,"ABS, Airbags, CD/MP3/Bluetooth, Caméra de recul, Climatisation, ESP, Jantes aluminium, Limiteur de vitesse, Ordinateur de bord, Radar de recul, Régulateur de vitesse, Sièges cuir, Système de navigation/GPS, Verrouillage centralisé à distance, Vitres électriques",Oui,8,diesel,f1q9wpm2gaw0_33,82499,A6,WW au Maroc,,12/05/2025 12:16,Tanger,Mozart,avito,Audi A6 Sline Quattro 2L 40 TDi 2020 1 ère ✋️,Automatique,2020
c33ea04e-8171-4827-bd20-e2ac9140c56e,land-rover,,GARAGE LAHCEN,5,Garage lahcen vous propose une range rover vogue w maroc garantie par la maison pour plus d’infos visiter notre showroom au 6 bd zerktouni casablanca ou appeler mr hicham,Oui,12,diesel,6p8pmjyrrvvd_22,4000,Range,,,12/05/2025 00:00,Casablanca,Casablanca,moteur,LAND-ROVER  Range rover vogue,Automatique,
dced169b-4eb7-48e7-9256-f7f59f6be8a0,mercedes-benz,,AUTO GHALI,5,"Auto lghali met en vente une mercedes benz classe glc300de amg 0 km importer neuve full options . pack amg line plus distronique , sièges sports mémoires chauffants refroidisseurs , toit ouvrant panoramique , camera 360 , hed up display , attache remorque , keyless go , mal électrique .... pour plus de renseignements merci de nous contacter par téléphone .",Oui,11,hybride,8nu1ajkty106_9,4000,Classe,,,26/05/2025 00:00,Casablanca,Casablanca,moteur,MERCEDES-BENZ  Classe glc,Automatique,
9acb6187-ac8c-4bcf-87e8-8db1b5785458,abarth,,STELLANTIS &YOU CASABLANCA,,"Garantie 3 ans / 100.000 km date mec stellantis&you met en vente un véhicule d’occasion quasi neuf. le véhicule a été vérifié dans nos ateliers et soumis à un contrôle rigoureux avec essai dynamique sur route ce qui nous permet de vous offrir un an de garantie possibilité de reprise et financement à crédit. marque abarth 595 garantie : constructeur pour plus d'information , veuillez contacter stellantis&you",Non,8,essence,udv68013x2rj_21,4000,595,,283000,12/05/2025 00:00,Casablanca,Casablanca,moteur,ABARTH  595,Automatique,
db460586-9c76-474a-b2d2-ee688bf1998a,renault,Excellent,LBA CARShopBadge Icon,5,"ABS, Airbags, CD/MP3/Bluetooth, Caméra de recul, Climatisation, ESP, Jantes aluminium, Limiteur de vitesse, Ordinateur de bord, Radar de recul, Régulateur de vitesse, Sièges cuir, Système de navigation/GPS, Toit ouvrant, Verrouillage centralisé à distance, Vitres électriques",Oui,8,diesel,z95qwyy75s3c_25,92499,Koleos,WW au Maroc,,12/05/2025 12:16,Rabat,Hay el Fath,avito,Renault Koleos Toit panoramique,Automatique,2018
79742347-799e-4285-9fa3-5c7cdc129d35,land rover,Excellent,MoaadeShopBadge Icon,5,"ABS, Airbags, CD/MP3/Bluetooth, Caméra de recul, Climatisation, ESP, Jantes aluminium, Limiteur de vitesse, Ordinateur de bord, Radar de recul, Régulateur de vitesse, Sièges cuir, Système de navigation/GPS, Verrouillage centralisé à distance, Vitres électriques",Non,8,diesel,fc74j5sn3ys9_7,144999,Range Rover Evoque,WW au Maroc,215000,12/05/2025 13:26,Casablanca,Aïn Chock,avito,Range rover évoque,Automatique,2016
87fc4eb7-3f10-4382-9ba9-453eff7b8739,fiat,,AUTO HAMZA,5,سلام عليكم ورحمة الله وبركاته سيارة للبيع للمزيد من المعلومات المرجو الاتصال بنا او زيارة محلنا وشكرا,Oui,6,diesel,gxdnw1p96ee6_3,44000,Tipo,,,12/05/2025 00:00,Marrakech,Marrakech,moteur,FIAT  Tipo,Automatique,
5d14fb99-fa14-496d-98e5-df60900235e5,ford,Excellent,Zara Auto ShopBadge Icon,5,"ABS, Airbags, CD/MP3/Bluetooth, Caméra de recul, Climatisation, ESP, Jantes aluminium, Limiteur de vitesse, Ordinateur de bord, Radar de recul, Régulateur de vitesse, Système de navigation/GPS, Verrouillage centralisé à distance, Vitres électriques",Oui,8,diesel,jbyq45oimun9_13,194999,Kuga,WW au Maroc,,12/05/2025 13:25,Agadir,El Houda,avito,Ford kuga Diesel 2017 à Agadir,Manuelle,2017
e0aa73b7-efa6-43e0-8579-5eaa481cc091,jeep,,AUTO HAMZA,5,سلام عليكم ورحمة الله وبركاته سيارة للبيع للمزيد من المعلومات المرجو الاتصال بنا او زيارة محلنا وشكرا,Oui,12,diesel,nsv642sztr2k_12,169000,Grand,,,12/05/2025 00:00,Marrakech,Marrakech,moteur,JEEP  Grand cherokee,Automatique,
81da8629-c163-456c-a66f-e11027c9705a,dacia,Neuf,Garage Rizkallah AutoShopBadge Icon,5,"ABS, Airbags, CD/MP3/Bluetooth, Caméra de recul, Climatisation, ESP, Jantes aluminium, Limiteur de vitesse, Ordinateur de bord, Radar de recul, Régulateur de vitesse, Sièges cuir, Système de navigation/GPS, Verrouillage centralisé à distance, Vitres électriques",Oui,6,diesel,kwno5z6keot3_26,72499,Duster,WW au Maroc,,12/05/2025 19:11,El Jadida,Najd,avito,Dacia Duster Diesel Manuelle 2021 à El Jadida,Manuelle,2021
3f4cdc26-a98f-433b-95f8-fb8794647764,bmw,,AUTO SALA EL JADIDA,5,Auto sala el jadida mets en vente une bmw série 420d gran coupé pack m 2.0l turbodiesel 190ch bva mise en circulation décembre 2021 1er main particulier km certifié suivi régulier smeia la toutes options de sa gamme j’accepte la reprise,Oui,8,diesel,6anwqy9g7jlk_20,99000,Serie,,,12/05/2025 00:00,Rabat,Rabat,moteur,BMW  Serie 4,Automatique,
4e93e3e2-a93c-4b25-9128-ac45f8d82c8e,opel,Neuf,Auto arhman ShopBadge Icon,5,"ABS, Airbags, CD/MP3/Bluetooth, Climatisation, ESP, Jantes aluminium, Limiteur de vitesse, Ordinateur de bord, Radar de recul, Régulateur de vitesse, Verrouillage centralisé à distance, Vitres électriques",Oui,6,diesel,zkdmpzfef1gz_30,42499,Mokka,WW au Maroc,,12/05/2025 11:37,Rabat,Autre secteur,avito,Opel Mokka Diesel Manuelle 2022 à Rabat,Manuelle,2022
d45676af-cdb1-4cc0-878c-35d7db42f6b5,volkswagen,,VOITURES PARTICULIERS CERTIFIéES,5,"•volkswagen touareg **** km- année 2020 en vente. •véhicule en bon état. •la voiture a été expertisée suivant 50 points de contrôles. •le rapport d’expertise détaillé est disponible sur demande, garantissant la qualité et la fiabilité du véhicule. •veuillez nous contacter pour plus d'informations ou pour voir le véhicule.",Non,10,diesel,6m991xjp0xbp_14,109000,Touareg,,375000,12/05/2025 00:00,Casablanca,Casablanca,moteur,VOLKSWAGEN  Touareg,Automatique,
14ffcc8b-c604-4b3d-9648-acab09b28733,volkswagen,,RT AUTO,5,"Je vends ma golf 7.5 gtd full option, très bien entretenue, aucun frais à prévoir, intérieur et extérieur en excellent état. toujours suivie dans les temps. version très bien équipée : intérieur sport gtd boîte automatique dsg 7 rapports Écran tactile avec gps caméra de recul radars av/ar jantes alliage 18 sièges chauffants régulateur adaptatif climatisation bi-zone détecteur d’angle mort rétros rabattables électriques Éclairage full led toit ouvrant",Oui,8,diesel,qcfdk6n4qr4v_15,159000,Golf,,,12/05/2025 00:00,Casablanca,Casablanca,moteur,VOLKSWAGEN  Golf 7,Automatique,
22151b8c-85c4-4861-8a20-109c14f67bb2,mercedes-benz,Très bon,Ayoub,,,,6,diesel,t8t2ot0wxzo5_26,134999,Classe C,,225000,12/05/2025 13:01,Marrakech,Targa,avito,Mercedes Classe C toute option,Automatique,2016
b173a4f2-3514-4f56-8b05-8d7919bff722,dacia,Excellent,mohamed,5,"Airbags, Climatisation, Jantes aluminium, Système de navigation/GPS",,6,diesel,hyxq6fnkz5ns_19,184999,Duster,WW au Maroc,112000,12/05/2025 12:27,Fes,Oued Fès,avito,dacia duster,Manuelle,2014
c518b121-c91c-4b83-a332-035580d5a651,porsche,Excellent,AUTO REDAShopBadge Icon,5,"ABS, Airbags, CD/MP3/Bluetooth, Caméra de recul, Climatisation, ESP, Jantes aluminium, Limiteur de vitesse, Ordinateur de bord, Radar de recul, Régulateur de vitesse, Sièges cuir, Système de navigation/GPS, Toit ouvrant, Verrouillage centralisé à distance, Vitres électriques",,12,diesel,3s11dx0c0yi8_14,184999,Cayenne,WW au Maroc,220000,12/05/2025 11:37,Casablanca,Maarif,avito,Porsche Cayenne,Automatique,2011
2cdc1d47-cda2-45d6-9e56-fb1e5f78c074,nissan,,AUTO AYMANE,5,Nissan qashqai diesel automatique toute options climatisation digital volant multifonction écran de bord gps radar de recul jantes aluminium 4vittres elc bleutouth antibrouillard rétroviseurs elc,Oui,6,diesel,ks36c86fp7gu_11,139000,Qashqai,,,12/05/2025 00:00,Casablanca,Casablanca,moteur,NISSAN  Qashqai,Automatique,
61d65b12-0076-42b2-a96b-8d4c7653efb5,kia,,YASINE,,Kia sportage bien entretenue mod 2024 merci de nous contactez pour plus d’informations,Non,6,diesel,03pontcwhm7t_19,44000,Sportage,,,26/05/2025 00:00,Casablanca,Casablanca,moteur,KIA  Sportage,Automatique,
0c5763f4-1ac1-4962-87a4-14834fbfb8ab,audi,Neuf,Auto_simohamedShopBadge Icon,5,"ABS, Airbags, CD/MP3/Bluetooth, Caméra de recul, Climatisation, ESP, Jantes aluminium, Limiteur de vitesse, Ordinateur de bord, Radar de recul, Régulateur de vitesse, Sièges cuir, Système de navigation/GPS, Toit ouvrant, Verrouillage centralisé à distance, Vitres électriques",Oui,8,diesel,5bqarsfsebbx_29,174999,A3,Dédouanée,243000,12/05/2025 13:01,Meknes,Hamria,avito,Audi A3 Dwiana 2024,Automatique,2015
79fb2995-c3b3-426a-bec6-c08f10e0df36,mercedes-benz,,AUTO ELYOUSSEFI,5,Je me en vente une belle voiture mercedes classe c220 tt options,Oui,9,diesel,lkti0s3eu50e_23,189000,Classe,,,12/05/2025 00:00,Casablanca,Casablanca,moteur,MERCEDES-BENZ  Classe c,Automatique,
9a6d00e7-5831-45eb-af29-d5abed9a1120,mercedes-benz,,AUTO HAMZA,5,سلام عليكم ورحمة الله وبركاته سيارة للبيع للمزيد من المعلومات المرجو الاتصال بنا او زيارة محلنا وشكرا b,Oui,8,diesel,8iq27bo24nww_5,74000,Classe,,,12/05/2025 00:00,Marrakech,Marrakech,moteur,MERCEDES-BENZ  Classe clc,Automatique,
8824e2ea-04a4-4437-a119-768807a401b7,land-rover,,RT AUTO,3,Range rover sport 2023 pour plus d’infos contactez nous,Oui,12,diesel,zptw266hutth_22,34000,Range,,,12/05/2025 00:00,Casablanca,Casablanca,moteur,LAND-ROVER  Range rover sport,Automatique,
b5180797-420f-4575-868f-21de53c3f609,peugeot,,BMW PREMIUM SELECTION,5,Possibilité de reprendre une bmw ou mini.,Oui,6,diesel,ff1o9937beaf_3,24000,3008,,345000,26/05/2025 00:00,Casablanca,Casablanca,moteur,PEUGEOT  3008,Automatique,
a79dfd90-5a5d-479f-bb5a-c84c56d7b969,volkswagen,,NADO.MA,5,Volkswagen golf 8 diesel automatique 2022 à casa en excellent état tdi tyle le véhicule a été évalué et expertisé totalement et ne fait objet d’aucun accident ou opposition pour voir la voiture en video sur notre site nado ma veuillez nous contacter pour plus d’informations voir la voiture en vidéo et le bon prix sur notre site nado ma choisissez votre voiture maintenant ici sur la plateforme nado ma,Oui,8,diesel,xxhkvcd992oj_13,44000,Golf,,330000,12/05/2025 00:00,Casablanca,Casablanca,moteur,VOLKSWAGEN  Golf 8,Automatique,
b71e7be7-d17b-49ca-9c23-1a7ac63f0f8c,audi,,YASINE,,Audi q3 bien entretenue mod 2019 ded 2024/09 merci de nous contactez pour plus d’informations,Non,8,diesel,6vma5av3lje1_10,179000,Q3,,,12/05/2025 00:00,Casablanca,Casablanca,moteur,AUDI  Q3,Automatique,
ae5f9b56-9c82-4671-9c49-8f2c0da6a919,dacia,Excellent,Achraf Jari,5,"ABS, Caméra de recul, Climatisation, ESP, Jantes aluminium, Limiteur de vitesse, Ordinateur de bord, Radar de recul, Régulateur de vitesse, Système de navigation/GPS, Verrouillage centralisé à distance, Vitres électriques",Non,6,diesel,m46vssoygr76_1,124999,Duster,WW au Maroc,174000,12/05/2025 13:01,Khenifra,Toute la ville,avito,dacia duster 08/2020,Manuelle,2020
70898571-dd8a-48ce-8b61-41d5c50a7871,mercedes-benz,Excellent,Yassin,5,"ABS, Airbags, CD/MP3/Bluetooth, Caméra de recul, Climatisation, ESP, Jantes aluminium, Limiteur de vitesse, Ordinateur de bord, Radar de recul, Régulateur de vitesse, Sièges cuir, Système de navigation/GPS, Toit ouvrant, Verrouillage centralisé à distance, Vitres électriques",Oui,8,diesel,mb1tkmb5zy82_24,124999,Classe A,WW au Maroc,,12/05/2025 13:05,Marrakech,Centre Ville,avito,Mercedes Benz classe A diesel amg,Automatique,2021
7ebab73d-b603-4ea4-9325-db4a023873e6,mercedes-benz,,HIVERNAGE AUTO,5,Véhicule neuf fraichement importé n'hésitez pas a nous contacter pour plus d'infos,Oui,8,diesel,bzmu6owh9rhe_30,4000,Classe,,,12/05/2025 00:00,Casablanca,Casablanca,moteur,MERCEDES-BENZ  Classe glc,Automatique,
30221c6c-6341-4356-8d2a-4566b2a355c7,ford,,AUTO 212,5,"Ne laissez pas passer l'opportunité ⤵️ vehicule en parfait état 03/ 2022 au compteur 28 444 km , avec 6 airbags , jante 16 , clim auto , boite auto , retro électriques , radio cd ,car play ,gps , chargeur cd , radar de st av et ar ,ad blue ....avec 3 mois de garantie possible de crédit avec la banque",Non,6,diesel,o7egj5xdjp2m_13,24000,Focus,,,12/05/2025 00:00,Casablanca,Casablanca,moteur,FORD  Focus,Automatique,
1d7fa3ed-1ff5-4a5b-aebf-244fe86a76f2,mercedes-benz,,LAACHIRI AUTO,5,Prochain arrivage chez laachiri auto mercedes classe cla 35 amg 4matic la full option de sap gamme sur commande.,Oui,11,essence,nwbgiunucu44_17,99000,Classe,,,12/05/2025 00:00,Tanger,Tanger,moteur,MERCEDES-BENZ  Classe cla,Automatique,
b0b08486-1b9b-4647-907a-86e3edf1e3a1,volkswagen,Excellent,Espace auto maamouraShopBadge Icon,5,"ABS, Airbags, CD/MP3/Bluetooth, Caméra de recul, Climatisation, ESP, Jantes aluminium, Limiteur de vitesse, Ordinateur de bord, Radar de recul, Régulateur de vitesse, Système de navigation/GPS, Verrouillage centralisé à distance, Vitres électriques",Oui,12,diesel,77cvpi7ati79_34,37499,Touareg,WW au Maroc,,12/05/2025 11:30,Rabat,Autre secteur,avito,VOLKSWAGEN Touareg 3.0 V6 TDI 259 Confort plus,Automatique,
6682a87c-5c2d-4ce7-984d-d4776b987145,mercedes-benz,,LUXURY AUTO,,Luxury auto met en vente mercedes-benz s 400d 4matic limousine avec beaucoup d’options intéressantes,Non,,diesel,wlnv7bnaawc0_18,7000,Classe,,,12/05/2025 00:00,Casablanca,Casablanca,moteur,MERCEDES-BENZ  Classe s 400 d 4matic…,Automatique,
30bd8904-a6a9-42c7-abd3-4c0a2e69755a,audi,,GARAGE LAHCEN,5,Garage lahcen vous propose une magnifique audi rs3 sportback quattro importer neuf faible kilometrage disposant de plusieurs options finition sline toit panoramique ouvrant siege cuir memoire chauffant eclairage ambiant camera de recul et radar av ar coffre auto volant cuir multifonctions limiteur et cruise control pour plus d'infos visiter notre showroom au 6 bd zerktouni casablanca ou appeler mr hicham,Oui,14,essence,xurfoh49ubil_23,44000,A3,,,12/05/2025 00:00,Casablanca,Casablanca,moteur,AUDI  A3,Automatique,
13d3a4b8-7593-4004-93ba-12697e8032ee,bmw,Excellent,ahmed hdanou,5,"ABS, CD/MP3/Bluetooth, Caméra de recul, Climatisation, ESP, Jantes aluminium, Limiteur de vitesse, Ordinateur de bord, Radar de recul, Régulateur de vitesse, Sièges cuir, Système de navigation/GPS, Toit ouvrant, Verrouillage centralisé à distance, Vitres électriques",Non,8,diesel,ty1x5xovhgti_16,52499,Série 4,WW au Maroc,,12/05/2025 12:27,Kenitra,Centre,avito,bmw 420 grand coupe,Automatique,2022
e866a7bc-26f9-4b49-9760-ff3c68aef32d,citroën,Correct,MEHDI,5,,,11,essence,f32f2hpb3y6l_34,164999,C5,WW au Maroc,,12/05/2025 10:41,Casablanca,Belvédère,avito,Citroën C5 Essence Automatique 2009 à Casablanca,Automatique,2009
beb01f31-7909-4abf-b1ec-6d2d577f7c32,porsche,Neuf,Hivernage autoShopBadge Icon,5,,Oui,17,hybride,soq9oq6m48tu_12,2499,Cayenne,Importée neuve,,12/05/2025 13:23,Casablanca,Maarif,avito,Cayenne Coupe-S Hybrid Sport Design(Neuve 2025),Automatique,2025
b69104f1-d44d-4140-b379-bde6570d5e06,bmw,,AUTO 212,5,"Trouvez votre voiture idéale parmi nos modèles d’occasion véhicule en parfait état 05/ 2021 au compteur **** km, avec 8 airbags , clim auto , jante alu 20 , sortie clé usb, retro électriques et rabattables ,camera de recul , bluetooth , antibrouillard , boite auto, barre de toit , lumiere d ambiance ,toit panoramique ouvrant , radar dest av et ar , .......avec 3 mois de garantie possible de crédit avec la banque",Oui,12,diesel,0rdtxs0so5lm_14,299000,X5,,,12/05/2025 00:00,Casablanca,Casablanca,moteur,BMW  X5,Automatique,
1c7177fc-a164-4840-bc0e-a1d0777ac8e5,suzuki,,STELLANTIS &YOU CASABLANCA,5,Suzuki swift essence automatique garantie constructeur : 3 ans / 100.000 km à partir de la date de mec date de mise en circulation : avril 2024 kilometrage : 21.000 km stellantis&you met en vente un véhicule d’occasion quasi neuf. le véhicule a été vérifié dans nos ateliers et soumis à un contrôle rigoureux possibilité de reprise de votre véhicule et financement à crédit.,Oui,7,essence,mdw56em5gwgc_19,24000,Swift,,162000,26/05/2025 00:00,Casablanca,Casablanca,moteur,SUZUKI  Swift,Automatique,
6bb97aaf-9091-4851-a5b9-06e14c3814cc,land rover,Excellent,Auto emeraudeShopBadge Icon,5,,Non,12,diesel,q2xgipnrqgxt_11,134999,Range Rover Sport,WW au Maroc,,12/05/2025 11:30,Casablanca,Californie,avito,Land Rover Range Rover Sport Diesel Automatique,Automatique,2012
cb77d9d1-46ab-4884-a8d0-b855d5159b38,renault,,EL ASRI AUTO,5,Renault clio 5 intense modèle 2023 très bon état penture original la voiture est toujours disponible à garage el asri auto sefrou,Oui,6,diesel,0jf5ncazhvml_27,64000,Clio,,,12/05/2025 00:00,Fes,Fes,moteur,RENAULT  Clio,Manuelle,
e40f0f31-c58b-496a-b928-76d8df4c9470,porsche,,NADO.MA,5,Porsche macan,Non,11,essence,ncwqch8j13ci_4,64000,Macan,,580000,12/05/2025 00:00,Casablanca,Casablanca,moteur,PORSCHE  Macan Base,Automatique,
c0ea0013-1b2a-4e2b-a936-649ea04c4905,bmw,Très bon,Fajrine AutoShopBadge Icon,5,"ABS, Airbags, CD/MP3/Bluetooth, Caméra de recul, Climatisation, ESP, Jantes aluminium, Limiteur de vitesse, Ordinateur de bord, Radar de recul, Régulateur de vitesse, Sièges cuir, Système de navigation/GPS, Verrouillage centralisé à distance, Vitres électriques",Oui,12,diesel,al7vtogab6cd_6,164999,X5,WW au Maroc,,12/05/2025 11:30,Casablanca,Maarif,avito,BMW X5 Diesel Automatique 2018 à Casablanca,Automatique,2018
b1d566b7-0cc4-4aab-b3b6-6890e5146d14,bmw,Excellent,HICHAM ShopBadge Icon,5,"Airbags, Caméra de recul, Climatisation, Jantes aluminium, Radar de recul, Sièges cuir, Système de navigation/GPS, Toit ouvrant",Non,12,diesel,i32cxc33msv2_5,104999,Série 7,WW au Maroc,,12/05/2025 19:11,Casablanca,Anfa,avito,BMW 730d full options,Automatique,2015
09d726cd-7643-4d34-9385-5d6b6fa13b06,bmw,,HIVERNAGE AUTO,5,Bmw serie 4 grand coupe pack m full options n'hésitez pas a nous contacter pour plus d'infos,Non,8,diesel,5ct4r8lyjj1m_17,4000,Serie,,,12/05/2025 00:00,Casablanca,Casablanca,moteur,BMW  Serie 4,Automatique,
5dcf5bfc-3f86-4ac6-9b02-0d1775c8c352,hyundai,Excellent,Maalal CarsShopBadge Icon,5,"ABS, Airbags, CD/MP3/Bluetooth, Caméra de recul, Climatisation, ESP, Jantes aluminium, Limiteur de vitesse, Ordinateur de bord, Radar de recul, Régulateur de vitesse, Sièges cuir, Système de navigation/GPS, Toit ouvrant, Verrouillage centralisé à distance, Vitres électriques",Oui,6,diesel,zhhs105lslnm_17,92499,Tucson,WW au Maroc,,12/05/2025 11:37,Fes,Agdal,avito,Hyundai tucson 2023,Automatique,2023
e707cfb0-a9df-4f3a-a5d1-8949dcfbf007,ford,Très bon,ikram,5,"CD/MP3/Bluetooth, Climatisation, Jantes aluminium, Limiteur de vitesse, Régulateur de vitesse, Vitres électriques",Non,6,diesel,zjxpfg0x3zgb_28,92499,Focus,WW au Maroc,,12/05/2025 13:01,Tanger,Al Mandar Al Jamil,avito,Ford Focus Diesel Manuelle 2008 à Tanger,Manuelle,2008
4597a1a2-8ffa-4c6d-aac9-e6a724a5930a,jeep,,AUTO HAMZA,5,سلام عليكم ورحمة الله وبركاته سيارة للبيع للمزيد من المعلومات المرجو الاتصال بنا او زيارة محلنا وشكرا,Oui,12,diesel,z3etvijle1cx_4,169000,Grand,,,12/05/2025 00:00,Marrakech,Marrakech,moteur,JEEP  Grand cherokee,Automatique,
e65cd7b6-3ee1-4c2e-9bc0-8db04b9828bd,volkswagen,,AUTO EMERAUDE,5,Véhicule en excellent état pour plus d’info contactez nous,Oui,8,diesel,thk3o8pm5vxa_12,54000,Tiguan,,,12/05/2025 00:00,Casablanca,Casablanca,moteur,VOLKSWAGEN  Tiguan,Automatique,
5935813a-f90f-4620-883e-56f677cbf278,audi,,MINT LUXE AUTO,5,À vendre audi rs q8 edition carbone 2025 modèle importee neuve en 2025 / 0 km pour plus d’informations contactez nous,Oui,23,essence,c5iq619azl8v_25,4000,Q8,,,12/05/2025 00:00,Marrakech,Marrakech,moteur,AUDI  Q8 Pack amg line…,Automatique,
b01b6840-d26f-4c0c-a28a-65eb16f73f10,ds,,AUTO AYMANE,5,Ds 7 diesel toute options boîte automatique climatisation automatique volant multifonction limiteur régulateur jantes aluminium 18 pouces antibrouillard rétroviseurs rabattabel caméra de recul écran de bord gps radar de recul avant et arrière salon cuire elc chofant mémoire twa ouvrant panoramique projecteurs gèzeno démarrage et ouverture emprante 1ère main entretien maison,Oui,8,diesel,2eypd93no1ap_2,169000,Autre,,,26/05/2025 00:00,Casablanca,Casablanca,moteur,DS  Autre Revoli,Automatique,
4d5150ef-23e9-481d-a906-5c7e2128ea22,renault,,LION CAR,5,Bonjour je mets en vente clio 5 diesel 6 chv maneul model 2021 voiture en excellent etat pour plus d'information merci de nous conatcter,Oui,6,diesel,cwk5qrsbm3si_13,99000,Clio,,165000,26/05/2025 00:00,Casablanca,Casablanca,moteur,RENAULT  Clio,Manuelle,
666612fd-51d7-41c0-a9c4-f3299505b0a0,renault,Très bon,Bienvenue,3,,,4,essence,gyirq97yqe3m_33,22499,Megane,,,12/05/2025 13:01,Casablanca,Ain Sebaa,avito,Renault Mégane,Automatique,2007
dd9c8e20-c26e-4bce-ae88-22ace535a363,peugeot,,EL ASRI AUTO,5,Peugeot 2008 gtlin modèle 2020 très bon état penture original la voiture est toujours disponible à garage el asri auto sefrou,Non,6,diesel,dvstsmzrgs02_3,119000,2008,,,12/05/2025 00:00,Fes,Fes,moteur,PEUGEOT  2008,Automatique,
8b0114e9-1bd4-4234-ad51-2e3fe021a8d8,volkswagen,Bon,SIARACASH.MAShopBadge Icon,5,"ABS, Airbags, CD/MP3/Bluetooth, Climatisation, Jantes aluminium, Limiteur de vitesse, Ordinateur de bord, Radar de recul, Régulateur de vitesse, Sièges cuir, Système de navigation/GPS, Toit ouvrant, Verrouillage centralisé à distance, Vitres électriques",Oui,8,diesel,uxodl15buzcy_33,104999,Jetta,WW au Maroc,160000,12/05/2025 12:27,Casablanca,Autre secteur,avito,VOLKSWAGEN JETTA Diesel Automatique à Casablanca,Automatique,2017
ffbed298-7870-4601-ae67-f56afa9bc54b,fiat,,LION CAR,3,"Bonjour, je mets en vente fiat 500 première main model 11/2017 tout option automatique peinture d'origine en excellent état **** klm faible consommation pour plus d'informations merci de nous contacter.",Oui,6,essence,0w1werx6zru9_17,109000,500,,103000,26/05/2025 00:00,Casablanca,Casablanca,moteur,FIAT  500,Automatique,
5c97a09b-1b69-45be-805a-01a4432550ce,nissan,,AUTO HICHAM ERRAHMANI,5,"Bonjour je mets en vente ma voiture nissan qashqai ,04-2018 , 6 cv . diesel .2-ème main , manuelle . pour plus d'informations n'hésitez pas de me contacter . merci",Non,6,diesel,3q8sdldi83rd_10,109000,Qashqai,,,12/05/2025 00:00,Marrakech,Marrakech,moteur,NISSAN  Qashqai,Manuelle,
ce7df722-89bf-49bd-aceb-73309015990b,mercedes-benz,,KIFAL AUTO,,"Référence kifal : #veh0000xv0 kifal auto s'occupe de la vente d'une mercedes-benz classe e iv - ph1 - 220 cdi elegance bva 170ch pour le compte de son client particulier. la voiture est expertisée suivant 150 points de contrôles et ne présente pas d'accident ou de blocage administratif. kifal auto n'a pas de garage, la voiture est chez son propriétaire à casablanca. il n'y a pas de frais pour l'acheteur. veuillez nous contacter pour plus d'informations ou pour voir le véhicule. marque : mercedes-benz modele : classe e version : 2015 carburant : diesel transmission : automatique kilométrage : 89 452 km mise en circulation : 03-2015 1ere main : non origine : ww maroc.",Non,9,diesel,gwrb3hhihie0_10,89000,Classe,,225000,12/05/2025 00:00,Casablanca,Casablanca,moteur,MERCEDES-BENZ  Classe e,Automatique,
0011e958-8606-46ae-8b15-8e3c5ba4f522,citroen,,VOITURES PARTICULIERS CERTIFIéES,5,"Citroën c3 diesel 6ch modèle 2019 avec 122000 km en vente. la voiture a été expertisée suivant 100 points de contrôles. le rapport d’expertise détaillé est disponible sur demande, garantissant la qualité et la fiabilité du véhicule.   veuillez nous contacter pour plus d'informations ou pour voir le véhicule.",Non,6,diesel,86zajueb2dql_15,129000,C3,,116000,12/05/2025 00:00,Casablanca,Casablanca,moteur,CITROEN  C3,Manuelle,
715b8d0e-98b7-493d-aa0e-f9ac5ecc1338,bmw,,AUTO EMERAUDE,5,Voiture en excellent état pour plus d'info contactez nous,Oui,11,diesel,cesxzkpux7us_6,74000,X4,,,12/05/2025 00:00,Casablanca,Casablanca,moteur,BMW  X4,Automatique,
0672a330-6a36-4389-91d9-1bbf3dd86a44,dacia,Excellent,Nabil abr,5,,Oui,7,diesel,evgekovtwnm7_4,2499,Duster,WW au Maroc,,12/05/2025 11:30,Casablanca,Anfa,avito,شركة لكراء سيارات للبيع,Manuelle,2023
477bd225-0f3a-4805-86bc-efa79285287e,land rover,Excellent,AbdellahShopBadge Icon,5,"ABS, Airbags, CD/MP3/Bluetooth, Caméra de recul, Climatisation, ESP, Jantes aluminium, Limiteur de vitesse, Ordinateur de bord, Radar de recul, Régulateur de vitesse, Sièges cuir, Système de navigation/GPS, Toit ouvrant, Verrouillage centralisé à distance, Vitres électriques",Non,12,diesel,ew4yxvjl6g0a_11,77499,Range Rover Sport,WW au Maroc,,12/05/2025 19:11,Casablanca,Aïn Chock,avito,Land Rover Range Rover Sport Diesel Automatique,Automatique,2018
c1de2f26-4bd1-4598-b5ed-8ce341808715,honda,Très bon,mohamed,5,"ABS, Airbags, CD/MP3/Bluetooth, Caméra de recul, Climatisation, ESP, Jantes aluminium, Limiteur de vitesse, Ordinateur de bord, Radar de recul, Régulateur de vitesse, Sièges cuir, Système de navigation/GPS, Toit ouvrant, Verrouillage centralisé à distance, Vitres électriques",Non,20,essence,dtz3ozxd6bbo_22,114999,CR-V,WW au Maroc,85000,12/05/2025 12:27,Marrakech,Massira,avito,Honda MR-V Pilot Essence 8place,Automatique,2004
f0e47f1c-4f02-4e02-8669-9c21085c8ec9,peugeot,,BMW PREMIUM SELECTION,5,Possibilité de reprendre une bmw ou mini.,Oui,6,diesel,thoz6zrkvmnb_3,24000,3008,,345000,26/05/2025 00:00,Casablanca,Casablanca,moteur,PEUGEOT  3008,Automatique,
504eea68-13a7-4610-b71b-c3ba171a270b,renault,,EL ASRI AUTO,5,Renault capture modèle 2021 tout options toit panoramique boit vitesse manuelle la voiture est toujours disponible à garage el asri auto sefrou,Non,6,diesel,th8vk8h1849n_25,84000,Captur,,,12/05/2025 00:00,Fes,Fes,moteur,RENAULT  Captur,Manuelle,
61489911-64a6-4aa4-9bcb-911b9a18fcda,lamborghini,,AUTO GHALI,5,Lamborghini urus s full options . acustic and heat-insulated glasses advanced 3d bang & olufsen sound system ambiente light package camera 360 lamborghini anima with off-road modes pack style high panoramic roof parking assistance package with remote park assist privacy glasses rear lamborghini logo in high gloss black - ad personam rear spoiler pour plus d'info merci de nous contacter,Non,23,essence,86r3l1mz7qzi_11,4000,Autre,,,26/05/2025 00:00,Casablanca,Casablanca,moteur,LAMBORGHINI  Autre,Automatique,
a3848286-e01d-4241-a351-16d9f724a9a3,land-rover,,AUTO EMERAUDE,5,Range rover sport en excellent état pour plus d'info contactez nous,Oui,12,diesel,mzj4ibaaxrh5_10,64000,Range,,,12/05/2025 00:00,Casablanca,Casablanca,moteur,LAND-ROVER  Range rover sport,Automatique,
06a59eae-7d84-4a55-a9cf-56446132df11,bmw,,RT AUTO,5,Bmw série 7 pack luxury 2016 full options importé neuf pour plus d’info contactez nous,Oui,12,diesel,e1cszgm5g5hy_13,199000,Serie,,,12/05/2025 00:00,Casablanca,Casablanca,moteur,BMW  Serie 7,Automatique,
b6d2917d-fe91-43bf-a4b3-3a3cbbdde030,volkswagen,,AUTO HICHAM ERRAHMANI,5,"Bonjour je mets en vente ma voiture volkswagen polo , modèle 06-2012 , manuelle . 6 cv . diesel . 2-éme main. bon état . pour plus d'informations n'hésitez pas de nous contacter . merci .",Non,5,diesel,9sce9xhtdjd3_5,199000,Polo,,,12/05/2025 00:00,Marrakech,Marrakech,moteur,VOLKSWAGEN  Polo,Manuelle,
b7b662e5-d468-4af7-acda-cde4e93bfa17,volkswagen,,AUTO HICHAM ERRAHMANI,5,"Bonjour je mets en vente ma voiture volkswagen tiguan , modèle 07/2019 , automatique , 1-èr main , 8 cv. diesel. pour plus d'informations n'hésitez pas de nous contacter merci .",Oui,8,diesel,bhfmwho8abay_9,249000,Tiguan,,,12/05/2025 00:00,Marrakech,Marrakech,moteur,VOLKSWAGEN  Tiguan,Automatique,
602b74d4-f9a0-45e2-9fc9-830fa713fd14,citroen,,AUTO SALA EL JADIDA,5,"Auto sala el jadida mets en vente une citroen c4 shine pack bva diesel motorisation 1.5 bluehdi eat8 130ch mise en circulation **** peinture originale 1er main etat neuf vidange régulier notre emplacement est disponible sur google maps et waze les options : 6 airbags frontaux, latéraux avant et rideaux pack safety ( coffee break alert, témoin de non-bouclage des ceintures de sécurité conducteur et passagers) projecteurs antibrouillard led avec éclairage statique d’intersection affichage tête haute couleur climatisation automatique bi-zone régulateur de vitesse essuie-vitre avant automatique feux de croisement à allumage automatique rétroviseurs extérieurs rabattables électriquement aide au stationnement arrière univers urban grey ( sièges citroën advanced comfort ) accès et démarrage mains libres proximity caméra de recul avec top rear vision jantes en alliage 17 camelia diamantées projecteurs led avec signature lumineuse en v plafonniers led poignées de portes extérieures couleur caisse pack style (jonc chromé sur les lécheurs de vitres latérales, vitres et lunette arrière surteintées ) citroën connect radio sur tablette tactile 10 connect play : mirror screen (compatible android auto et apple car play) et pleins d’autres options on accepte également la reprise",Oui,6,diesel,xctu0dzxght1_3,74000,C4,,,12/05/2025 00:00,Rabat,Rabat,moteur,CITROEN  C4,Automatique,
ee83d0d5-1a7d-49e8-8832-b0493aae0d6f,ford,,HIVERNAGE AUTO,3,En exclusivité chez hivernage auto la nouvelle ford mustang est disponible immédiatement dans notre showroom n'hésitez a venir la découvrir,Oui,11,essence,esl733g2mbeu_7,4000,Mustang,,,12/05/2025 00:00,Casablanca,Casablanca,moteur,FORD  Mustang,Automatique,
242d3571-73ff-48ff-9bea-e978f8287859,fiat,Très bon,auto rifShopBadge Icon,3,"ABS, Airbags, CD/MP3/Bluetooth, Climatisation, ESP, Jantes aluminium, Radar de recul, Sièges cuir, Toit ouvrant, Vitres électriques",Non,8,essence,qik4ysw7mgln_24,92499,500,WW au Maroc,145000,12/05/2025 11:37,Tanger,Drissia,avito,Fiat Abarth 595 Turismo Essence Automatique 2014,Automatique,2014
ab2a7cc0-ed9f-4ff7-8261-a0f50213b113,porsche,,HIVERNAGE AUTO,3,Véhicule en parfait état très bien entretenu suivi chez le concessionnaire,Oui,17,essence,ystehn2mqaa8_16,39000,911,,,12/05/2025 00:00,Casablanca,Casablanca,moteur,PORSCHE  911,Automatique,
3826d94f-a11b-4945-ba44-38551efcf6ee,audi,Très bon,auto festival mjidoShopBadge Icon,5,Toit ouvrant,Non,8,diesel,63qmzukj3dwj_16,104999,A6,Importée neuve,,12/05/2025 13:23,Tanger,Val Fleuri,avito,Audi A6 Quattro Importée Neuve 2016,Automatique,2016
963a2393-45b3-40c4-bce5-b59075373483,citroen,,LION CAR,5,Bonjour je mets en vente citroën c4 diesel automatique tt option 6chv faible 90000klm consommation pour plus d'informations merci de nous contacter,Oui,6,diesel,hoq688cfovz4_15,94000,C4,,123000,26/05/2025 00:00,Casablanca,Casablanca,moteur,CITROEN  C4,Automatique,
753b61d4-f830-4549-9bea-c2ed4b8aee89,mercedes-benz,,HIVERNAGE AUTO,5,Venez découvrir en exclusivité chez hivernage auto le nouveau mercedes cle coupé,Oui,8,diesel,qerdhenkm4l3_28,4000,Classe,,,12/05/2025 00:00,Casablanca,Casablanca,moteur,MERCEDES-BENZ  Classe c,Automatique,
3c3b8da6-adca-4bac-bdc7-0e580ac0e5a1,kia,,KIFAL AUTOShopBadge Icon,,,,11,hybride,t11q5t0yd42u_32,67499,K5,,275000,12/05/2025 11:30,Marrakech,Autre secteur,avito,KIFAL - KIA K5,Automatique,2020
7b74eda3-a719-4f78-ba8d-a2c9a6f28ca3,mercedes-benz,Excellent,MoaadeShopBadge Icon,5,"ABS, Airbags, CD/MP3/Bluetooth, Caméra de recul, Climatisation, ESP, Jantes aluminium, Limiteur de vitesse, Ordinateur de bord, Régulateur de vitesse, Sièges cuir, Système de navigation/GPS, Toit ouvrant, Verrouillage centralisé à distance, Vitres électriques",Oui,9,diesel,qbzgd90ictgy_28,97499,Classe C,WW au Maroc,268000,12/05/2025 13:05,Casablanca,Aïn Chock,avito,C220 1MAIN,Manuelle,2015
caa406b6-00c2-49fc-8fe2-ba571b4ccc35,volkswagen,Excellent,AUTO BABAShopBadge Icon,5,,Non,8,diesel,moeu39waalhq_9,144999,Caddy,Dédouanée,,12/05/2025 12:16,Casablanca,Aïn Chock,avito,Volkswagen Caddy Diesel Automatique 2021,Automatique,2021
972b9230-ed0d-49a1-b917-6f29c7f173db,kia,,STELLANTIS &YOU CASABLANCA,5,"Kia sorento design plus garantie 12 mois ou 50.000 km stellantis&you met en vente un véhicule d’occasion quasi neuf. le véhicule a été vérifié dans nos ateliers et soumis à un contrôle rigoureux avec essai dynamique sur route. possibilité de reprise et financement à crédit. pour plus d'information , veuillez contacter stellantis&you",Oui,8,diesel,us2wt5i9u2a6_23,44000,Sorento,,358000,26/05/2025 00:00,Casablanca,Casablanca,moteur,KIA  Sorento,Automatique,
17c895b7-3e2a-4ba8-8372-0ffef594d22f,fiat,,STELLANTIS &YOU CASABLANCA,3,Fiat 500 dolcevita avec toit panoramique garantie constructeur : 3 ans / 100.000 km à partir de la date de mec date de mise en circulation : mars 2024 kilometrage : 20.900 km stellantis&you met en vente un véhicule d’occasion quasi neuf. le véhicule a été vérifié dans nos ateliers et soumis à un contrôle rigoureux possibilité de reprise de votre véhicule et financement à crédit.,Non,7,essence,g6wyc6htvikd_22,24000,500,,159000,12/05/2025 00:00,Casablanca,Casablanca,moteur,FIAT  500,Automatique,
5c5b1a49-4e2b-4281-a64a-9cacd3e78ede,peugeot,Excellent,abdelghafourShopBadge Icon,5,"ABS, Airbags, CD/MP3/Bluetooth, Climatisation, ESP, Jantes aluminium, Limiteur de vitesse, Radar de recul, Régulateur de vitesse, Vitres électriques",Non,8,diesel,h6tyb77woz93_2,224999,508,WW au Maroc,90000,12/05/2025 11:36,Casablanca,Hay Sadri,avito,Peugeot 508 tt option,Manuelle,2013
e46c4860-7a5c-433d-9d8b-31249500a0e7,mercedes-benz,Excellent,Auto Al FathShopBadge Icon,5,"ABS, Airbags, CD/MP3/Bluetooth, Caméra de recul, Climatisation, ESP, Jantes aluminium, Limiteur de vitesse, Ordinateur de bord, Radar de recul, Régulateur de vitesse, Sièges cuir, Système de navigation/GPS, Toit ouvrant, Verrouillage centralisé à distance, Vitres électriques",Oui,12,diesel,oqpkiolpv668_20,37499,Classe S,Importée neuve,,12/05/2025 13:37,Rabat,Yacoub El Mansour,avito,Mercedes-Benz Classe S 400d pack AMG plus 2022,Automatique,2022
6b29aeeb-5690-45a6-bb97-79f915c17ae4,peugeot,,OTOCLIC,5,"Otoclic, meilleure adresse d’achat et vente des voitures et des véhicules d’occasion vous propose une voiture de première main en excellent état, mise en circulation en 2023, bien entretenue, affiche un faible kilométrage réel et dispose de la majorité des options de sa gamme. l'acheteur peut visiter et vérifier la voiture dans notre showroom otoclic en toute transparence et toute confiance. les service otoclic sont rachat de votre ancienne voiture d’occasion avec un bon prix, vente de voiture d’occasion avec le juste prix du marché, dépôt de vente, plusieurs solutions de financement de votre voiture, jusqu’à 6 mois de garantie, satisfait ou remboursé, plusieurs formules d'assurance, prise en charge des démarches administratives, service après-vente, reprise en moins de 2 heures, otoclic achetez et vendez votre voiture en toute confiance.",Oui,6,diesel,idl207tav65e_25,29000,208,,175000,12/05/2025 00:00,Casablanca,Casablanca,moteur,PEUGEOT  208,Manuelle,
79ad63e7-311e-486d-ae2f-445b43777af2,volkswagen,Excellent,Auto SimoShopBadge Icon,5,"ABS, CD/MP3/Bluetooth, Climatisation, ESP, Jantes aluminium, Limiteur de vitesse, Ordinateur de bord, Régulateur de vitesse, Verrouillage centralisé à distance, Vitres électriques",Non,11,essence,sbbavcq2feso_23,194999,Passat,WW au Maroc,39000,12/05/2025 12:16,Casablanca,Aïn Chock,avito,Volkswagen Passat essence,Manuelle,2002
f63e559f-7d07-44cf-b369-89254dcf6d9c,mercedes-benz,,LEVING AUTO,5,mercedes gle coupe,Oui,12,diesel,6ig6w4lb4gic_10,160000,Classe,,,12/05/2025 00:00,Casablanca,Casablanca,moteur,MERCEDES-BENZ  Classe gle,Automatique,
328c6a8e-250f-45ea-853d-a7045de9ff9d,renault,Très bon,mohamed,5,"CD/MP3/Bluetooth, Climatisation, Jantes aluminium, Ordinateur de bord, Verrouillage centralisé à distance, Vitres électriques",Oui,6,diesel,b5jcjhstpfsc_23,224999,Kangoo,WW au Maroc,13200,12/05/2025 10:41,Sale,El Qaria,avito,1ér mer tout option,Manuelle,2017
a6dd8efc-a645-4409-96fa-20cbd87822df,porsche,,AUTO GHALI,5,Porsche cayenne hybrid essence 2025 0 km importé neuf toutes options,Non,21,hybride,dskk837gnory_10,4000,Cayenne,,,26/05/2025 00:00,Casablanca,Casablanca,moteur,PORSCHE  Cayenne,Automatique,
069f9f25-f9e6-4ed8-baee-32d9289e9672,volkswagen,,NADO.MA,5,volkswagen golf 8 diesel automatique 2022 à casablanca\\nen excellent état tdi tyle\\nle véhicule a été évalué et expertisé totalement et ne fait objet d’aucun accident ou opposition\\npour voir la voiture en video sur notre site       nado ma\\nveuillez nous contacter pour plus d’informations\\nvoir la voiture en vidéo et le bon prix sur notre site nado ma\\nvoir la voiture en video sur notre site nado.ma,Oui,8,diesel,2mq9dopjsh45_2,41000,Golf,,320000,12/05/2025 00:00,Casablanca,Casablanca,moteur,VOLKSWAGEN  Golf 8 2,Automatique,
1939e735-a3d3-4db8-afe1-ef209718b60b,peugeot,Excellent,Auto TiddasShopBadge Icon,5,"ABS, Airbags, CD/MP3/Bluetooth, Climatisation, ESP, Jantes aluminium, Limiteur de vitesse, Ordinateur de bord, Radar de recul, Régulateur de vitesse, Système de navigation/GPS, Verrouillage centralisé à distance, Vitres électriques",Oui,6,diesel,603w359rq4ms_3,124999,208,WW au Maroc,148000,12/05/2025 11:37,Kenitra,Centre,avito,Peugeot 208 Diesel Manuelle 2021 à Kénitra,Manuelle,2021
d81eb01a-0ba0-4936-89a6-0994e2a47dd5,alfa romeo,Excellent,Auto elyousreShopBadge Icon,5,"ABS, Airbags, CD/MP3/Bluetooth, Caméra de recul, Climatisation, ESP, Jantes aluminium, Limiteur de vitesse, Ordinateur de bord, Radar de recul, Régulateur de vitesse, Système de navigation/GPS, Verrouillage centralisé à distance, Vitres électriques",Oui,8,diesel,pz4ejhl47jxp_29,42499,Stelvio,WW au Maroc,,12/05/2025 13:05,Casablanca,Val Fleuri,avito,Alfa romeo stelvio diesel,Automatique,2020
31397ced-4102-4f67-a714-c5e79c5fa16d,dacia,Très bon,Realy,,"ABS, Airbags, CD/MP3/Bluetooth, ESP, Limiteur de vitesse, Ordinateur de bord, Régulateur de vitesse, Verrouillage centralisé à distance, Vitres électriques",,6,diesel,9nmrnhrnh49v_30,92499,Logan,,,12/05/2025 12:27,Casablanca,Al Fida,avito,Dacia Logan 2021,Manuelle,2021
59a23596-3f8c-4ee1-81c2-050774968a9e,bmw,,FAJRINE AUTO,5,Bmw 520 d pack sport ligne tt options 1 ère main bien entretenue pour plus d’informations contactez nous,Oui,8,diesel,bwlc1lcd2xt1_22,89000,Serie,,,12/05/2025 00:00,Casablanca,Casablanca,moteur,BMW  Serie 5,Automatique,
fc0f3076-fac6-4801-99bd-d4434d55256c,mercedes-benz,,RT AUTO,5,"Mercedes-benz classe glc coupé 300de 4matic importée neuve 0km, contactez-nous pour plus d'informations. full option pour plus d'informations n'oublie pas de nous contacter.",Oui,9,hybride,c56yt9a15j6s_16,4000,Classe,,,12/05/2025 00:00,Casablanca,Casablanca,moteur,MERCEDES-BENZ  Classe glc,Automatique,
1a501f96-285c-4296-bb74-5299c4c69619,hyundai,Bon,AY,5,"Airbags, Climatisation, Ordinateur de bord, Verrouillage centralisé à distance, Vitres électriques",Non,10,diesel,2ya4bt1kb5k8_30,72499,H1,WW au Maroc,,12/05/2025 10:41,Casablanca,Ain Sebaa,avito,Hyundai H1 transport scolaire à Casablanca,Manuelle,2015
ad022097-a69f-44df-8f8d-a8ad6b6c2007,mercedes-benz,Excellent,Auto ChagShopBadge Icon,,,Oui,8,diesel,8oqqi5ja0cjj_32,124999,Classe E,WW au Maroc,,12/05/2025 13:34,Casablanca,2 Mars,avito,Mercedes-Benz Classe E Coupé pack luxury 2019,Automatique,2019
c284a655-3bc7-4103-b220-755778e6ea8a,cadillac,Neuf,USA MOTORS MOROCCOShopBadge Icon,5,"ABS, Airbags, CD/MP3/Bluetooth, Caméra de recul, Climatisation, ESP, Jantes aluminium, Limiteur de vitesse, Ordinateur de bord, Radar de recul, Régulateur de vitesse, Sièges cuir, Système de navigation/GPS, Toit ouvrant, Verrouillage centralisé à distance, Vitres électriques",Oui,24,essence,dg61witd3eok_19,2499,Escalade,Importée neuve,2600000,12/05/2025 11:30,Casablanca,Anfa,avito,Cadillac Escalade Sport 2025 0Km,Automatique,2025
936690d5-1c25-4f64-92a8-ea6712d2f2df,bentley,,SELECTIVE MOTORS CARS,3,Continental gt dans un très bon État. 5 caméras. distronic. soft close. key less. sièges ventilés. sièges chauffants. park assist. vehicule full options.,Oui,27,essence,xjjmjgvxjo9s_25,74000,Continental,,,12/05/2025 00:00,Casablanca,Casablanca,moteur,BENTLEY  Continental,Automatique,
c5f23d61-b448-4a53-a510-0b2739867947,citroën,Excellent,AUTO MIMOUNEShopBadge Icon,5,"ABS, Airbags, CD/MP3/Bluetooth, Climatisation, Ordinateur de bord, Système de navigation/GPS, Verrouillage centralisé à distance, Vitres électriques",Oui,6,diesel,8htnfp5ptd4v_4,134999,Berlingo,WW au Maroc,138000,12/05/2025 12:16,Casablanca,Sidi Bernoussi,avito,berlingo refter w,Manuelle,2019
afba09a0-a2fa-45f2-8703-387e8ba34557,bmw,,LEVING AUTO,5,bmw 120d pack m\\ninportee neuf,Oui,8,diesel,vh4vddespy46_11,80000,Serie,,,12/05/2025 00:00,Casablanca,Casablanca,moteur,BMW  Serie 1 120d,Automatique,
357b5609-9ae1-41f8-a99e-cebc4d377367,bmw,,GARAGE LAHCEN,5,Garage lahcen vous propose une magnifique bmw 730ld exclusive finition w maroc tres bien suivie par la maison 1 ere main disposant de plusieurs options toit ouvrant siege cuir auto av ar et chauffant camera 360° et radar av ar porte soft close store lateraux sonorisation harman kardon clim digital quadrizone 3 ecran large tactile plus tablette pour plus d info visiter notre showroom au 6 bd zerktouni casablanca ou appeler mr hicham,Oui,12,diesel,dumkrk3qmsc1_26,159000,Serie,,,12/05/2025 00:00,Casablanca,Casablanca,moteur,BMW  Serie 7,Automatique,
4b4b54cd-d5e0-4b41-8aa1-0075fb3f3300,audi,Excellent,Venisia autoShopBadge Icon,5,"ABS, Airbags, CD/MP3/Bluetooth, Caméra de recul, Climatisation, ESP, Jantes aluminium, Limiteur de vitesse, Ordinateur de bord, Radar de recul, Régulateur de vitesse, Sièges cuir, Système de navigation/GPS, Toit ouvrant, Verrouillage centralisé à distance, Vitres électriques",Oui,12,diesel,kb2quj70y7qw_3,77499,Q8,Importée neuve,,12/05/2025 11:30,Casablanca,Aïn Chock,avito,Audi Q8 sline 5.0,Automatique,2022
147c6d7a-4236-4038-8074-2687bb2f1486,mercedes-benz,,YASINE,,Mercedes c220 amg bien entretenue jamais accidenté mod 2020 ded 2024 merci de nous contactez pour plus d’informations audi volkswagen porsche,Non,8,diesel,cggucgy8loum_9,149000,Classe,,,12/05/2025 00:00,Casablanca,Casablanca,moteur,MERCEDES-BENZ  Classe c,Automatique,
f3613216-d2b9-45f6-b018-f8d0876b2aab,mercedes-benz,,AUTO EMERAUDE,5,Emeraude auto met en vente une mercedes classe cla 200 d ww maroc full options . distronique camera 360 sièges mémoires sport chauffants volant commande toit ouvrant panoramique mal électrique eclairage d'ambiance ...... pour plus d'information merci de nous contacter,Oui,9,diesel,08ell0m1iumy_20,94000,Classe,,,12/05/2025 00:00,Casablanca,Casablanca,moteur,MERCEDES-BENZ  Classe cla,Automatique,
20fe7b7a-78c6-40e6-a53d-0fc9f571f770,mini,,BMW PREMIUM SELECTION,3,Possibilité de reprise.,Oui,9,essence,gsfjal8st61i_1,59000,Cooper,,172000,26/05/2025 00:00,Casablanca,Casablanca,moteur,MINI  Cooper,Manuelle,
945d7848-1eed-4fd9-90ed-16a5866fab1d,ford,,EL ASRI AUTO,5,Ford kuga modèle 2022 premier main penture original la voiture est toujours disponible à garage el asri auto sefrou,Oui,6,diesel,d9a1jhp2hyca_28,39000,Kuga,,,12/05/2025 00:00,Fes,Fes,moteur,FORD  Kuga,Manuelle,
c2fc8e88-0833-4bea-a90f-9202dd95c8b1,mercedes-benz,,RT AUTO,5,Mercedes benz classe e 63 amg s idition 1 full carbon model 2017 importe neuf km 62000 en excellent état pour plus d’informations contactez nous,Oui,23,essence,apaq0kbtp1zc_14,64000,Classe,,,12/05/2025 00:00,Casablanca,Casablanca,moteur,MERCEDES-BENZ  Classe e,Automatique,
9a9c8d75-c742-4b4d-abb0-7751fa5ac878,mercedes-benz,,HIVERNAGE AUTO,5,Véhicule neuf pack amg full options contactez nous pour plus d'infos,Oui,8,diesel,3py8ipqm9k74_9,4000,Classe,,,12/05/2025 00:00,Casablanca,Casablanca,moteur,MERCEDES-BENZ  Classe cla,Automatique,
ba0e905a-0eda-4863-a82b-d3c62c63ff5f,bmw,Neuf,Auto SALA EL JADIDAShopBadge Icon,5,"ABS, Airbags, CD/MP3/Bluetooth, Caméra de recul, Climatisation, ESP, Jantes aluminium, Limiteur de vitesse, Ordinateur de bord, Radar de recul, Régulateur de vitesse, Sièges cuir, Système de navigation/GPS, Toit ouvrant, Verrouillage centralisé à distance, Vitres électriques",Oui,8,diesel,mov2icrezb6p_6,97499,Série 4,WW au Maroc,,12/05/2025 13:05,Rabat,Agdal,avito,Nouvelle BMW Série 4 Gran Coupé Pack M Diesel 2022,Automatique,
5a6453b0-088f-45f0-82e4-eef6c1a276df,jeep,,STELLANTIS &YOU CASABLANCA,5,Cherokee longitude diesel automatique garantie : 12 mois / 50.000 km date de mise en circulation : mars 2021 kilometrage : 78.000 km stellantis&you met en vente un véhicule d’occasion quasi neuf. le véhicule a été vérifié dans nos ateliers et soumis à un contrôle rigoureux possibilité de reprise de votre véhicule et financement à crédit.,Oui,9,diesel,nt1osnmphtru_16,79000,Cherokee,,232000,12/05/2025 00:00,Casablanca,Casablanca,moteur,JEEP  Cherokee,Automatique,
bdac4441-1555-423c-81cd-615c7c72c1b4,land-rover,,SELECTIVE MOTORS CARS,5,Très belle range sport hybride sur commande . 5 caméras. distronic plus. toit panoramique. jantes 23 pouces. parking assist. marche pieds Électriques . rideaux latéraux. head up display. sièges chauffants. détecteur angles mort. vehicule full full options sur commande.,Oui,17,hybride,ijmgafbiepht_26,54000,Range,,,12/05/2025 00:00,Casablanca,Casablanca,moteur,LAND-ROVER  Range rover sport,Automatique,
043a0c33-3170-4afa-b02e-b8b6a17df432,mercedes-benz,,HIVERNAGE AUTO,5,Très belle affaire pour les opportunistes véhicule de quelque mois 7000km au compteur a un prix très interessant n'hésitez pas a nous contacter pour plus d'infos,Oui,23,essence,jteqlod7hq9i_30,4000,Classe,,,12/05/2025 00:00,Casablanca,Casablanca,moteur,MERCEDES-BENZ  Classe g,Automatique,
804cebfd-670c-47b1-b54a-20ff20d16200,mercedes-benz,Neuf,Auto emeraudeShopBadge Icon,5,"ABS, Airbags, CD/MP3/Bluetooth, Caméra de recul, Climatisation, ESP, Jantes aluminium, Limiteur de vitesse, Ordinateur de bord, Radar de recul, Régulateur de vitesse, Sièges cuir, Système de navigation/GPS, Toit ouvrant, Verrouillage centralisé à distance, Vitres électriques",Oui,12,diesel,jumxyda6te50_1,7499,Classe GLE,WW au Maroc,,12/05/2025 11:30,Casablanca,Californie,avito,Mercedes-Benz Classe GLE 400d Automatique 2023,Automatique,2023
138c3456-383e-4dfa-b6d6-a2f4bc8d336b,toyota,,JAMAL,5,Je mets en vente ma voiture toyota,Non,5,diesel,e0nu0di1wawf_23,,Corolla,,73000,12/05/2025 00:00,Agadir,Agadir,moteur,TOYOTA  Corolla 2012,Manuelle,
b409bf07-5092-433a-b34d-d6bbaae8882f,mercedes-benz,,GARAGE LAHCEN,5,Garage lahcen vous propose une magnifique mercedes class e220d avantgarde 1ere main w maroc disposant de tableau de bord digital volant cuir multifonctions limiteur et cruise control line assist distronic camera de recul et radar av ar led feu de jour retro automatique pour plus d’info visiter notre showroom au 6 bd zerktouni casablanca ou appeler mr hicham,Non,8,diesel,gganoin7lpoz_11,64000,Classe,,,12/05/2025 00:00,Casablanca,Casablanca,moteur,MERCEDES-BENZ  Classe e,Automatique,
e1bde7b0-d504-43ae-95eb-935bde20f8ca,land-rover,,AUTO EMERAUDE,5,Véhicule en excellent état pour plus d’info contactez nous,Non,12,diesel,dirb205timea_21,139000,Range,,,12/05/2025 00:00,Casablanca,Casablanca,moteur,LAND-ROVER  Range rover sport,Automatique,
787ff28a-2c51-457a-bdd2-2236fcd2c2a0,audi,Excellent,auto ismailShopBadge Icon,5,"ABS, Airbags, CD/MP3/Bluetooth, Caméra de recul, Climatisation, Jantes aluminium, Limiteur de vitesse, Ordinateur de bord, Radar de recul, Régulateur de vitesse, Sièges cuir, Système de navigation/GPS, Toit ouvrant, Verrouillage centralisé à distance",Non,8,diesel,5bltka0vay3w_18,104999,A3,WW au Maroc,,12/05/2025 13:37,Casablanca,Aïn Borja,avito,Audi A3 Diesel Automatique 2023 à Casablanca,Automatique,2023
053a8913-da3c-41bc-8d4a-05a5496fc25f,jeep,,GARAGE LAHCEN,5,Garage lahcen vous propose une jeep renegade 4x4 toujours 1ere main w maroc disposant de plusieurs options toit panoramique ouvrant volant cuir multifonctions limiteur et cruise control ecran large tactile led feu de jour xenon bixenon pour plus d infos visiter notre showroom au 6 bd zerktouni casablanca ou appeler mr hicham,Oui,6,diesel,usjk7jqj3z2h_7,84000,Renegade,,,12/05/2025 00:00,Casablanca,Casablanca,moteur,JEEP  Renegade,Automatique,
fb22fb01-aa0c-4ed9-9a47-ae5092a1516f,volkswagen,,AUTO ELYOUSSEFI,5,Je me en vente une belle voiture touareg tt options,Non,12,diesel,hf76kuihbey2_9,299000,Touareg,,,12/05/2025 00:00,Casablanca,Casablanca,moteur,VOLKSWAGEN  Touareg,Automatique,
fb9fd644-d488-4a10-86b4-bebd64f94622,audi,Bon,Ali,,,,8,diesel,fjzmtr9jsp6y_31,164999,A4,,217000,12/05/2025 12:16,Casablanca,Anfa,avito,Audi A4 Diesel 1ere main 2016,Automatique,2016
de768724-5ff7-45da-b917-c854af96f02b,audi,Excellent,SupercarsShopBadge Icon,5,"ABS, Airbags, CD/MP3/Bluetooth, Caméra de recul, Climatisation, ESP, Jantes aluminium, Limiteur de vitesse, Ordinateur de bord, Radar de recul, Régulateur de vitesse, Sièges cuir, Toit ouvrant, Verrouillage centralisé à distance, Vitres électriques",Oui,8,diesel,jv51m3xne986_5,92499,Q3,WW au Maroc,320000,12/05/2025 13:36,Casablanca,2 Mars,avito,Audi Q3 Diesel Automatique 2019 à Casablanca,Automatique,
93bbd541-12fa-4439-9532-090f179d4230,audi,,RT AUTO,5,Audi a3 2024 avec faible km 12.000km full option pour plus d’info contactez nous,Oui,9,essence,8i4og9p6yuhr_19,14000,A3,,,12/05/2025 00:00,Casablanca,Casablanca,moteur,AUDI  A3,Automatique,
0479dcde-3b95-4964-ad18-b3e49894a213,ford,Excellent,Occaz-ProShopBadge Icon,5,,Oui,8,diesel,ij0hchwenpvp_30,154999,Transit,WW au Maroc,218000,12/05/2025 13:01,Casablanca,Centre Ville,avito,Ford transit L2H2,Manuelle,2021
83313447-af45-4e98-bfdb-9b2f42640b87,bmw,,ParticulierShopBadge Icon,,,,8,diesel,hcc5r7dknwg6_18,154999,Série 4,WW au Maroc,218000,12/05/2025 19:11,Casablanca,Oulfa,avito,BMW Série 4 Diesel Automatique 2015 à Casablanca,Automatique,2015
43514898-25fa-4104-b5b5-e79d3a31a667,dacia,Excellent,Particulier ShopBadge Icon,5,"ABS, Airbags, CD/MP3/Bluetooth, Caméra de recul, Climatisation, ESP, Jantes aluminium, Limiteur de vitesse, Ordinateur de bord, Radar de recul, Régulateur de vitesse, Système de navigation/GPS, Verrouillage centralisé à distance, Vitres électriques",Oui,6,diesel,lx418ekc936i_18,114999,Dokker,WW au Maroc,118000,12/05/2025 13:05,Casablanca,Sidi Bernoussi,avito,Dacia dokker 2018 1ere main 🤚,Manuelle,2018
8553dda1-9bab-4f2c-854b-ef536ca14ee2,tesla,Excellent,yassineShopBadge Icon,3,,Oui,8,,re75mnpo563r_8,82499,Model 3,Dédouanée,,12/05/2025 11:30,Casablanca,Aïn Chock,avito,Tesla model 3,Automatique,2021
e5f9d5c1-1da9-40fa-9239-1ff01e1f174e,cadillac,Excellent,SELECT GARANTIEShopBadge Icon,5,"ABS, Airbags, CD/MP3/Bluetooth, Caméra de recul, Climatisation, ESP, Jantes aluminium, Limiteur de vitesse, Ordinateur de bord, Radar de recul, Régulateur de vitesse, Sièges cuir, Système de navigation/GPS, Toit ouvrant, Verrouillage centralisé à distance, Vitres électriques",Oui,25,essence,i7te4dxwr9tt_7,67499,Escalade,Importée neuve,,12/05/2025 11:37,Marrakech,Hivernage,avito,CADILLAC ESCALADE PLATINIUM,Automatique,
f7a4a621-dd87-4397-8c3f-bcb856cf2c76,land-rover,,AUTO ELYOUSSEFI,5,Je me en vente une belle voiture land rover range rover sport **** tt options,Oui,12,diesel,1gd7utw89vm2_6,119000,Range,,,12/05/2025 00:00,Casablanca,Casablanca,moteur,LAND-ROVER  Range rover sport,Automatique,
2c41f08c-e262-4cab-9cc4-4e316e0f70b8,citroën,Très bon,Automobiles chamalShopBadge Icon,5,"ABS, Airbags, CD/MP3/Bluetooth, Caméra de recul, Climatisation, ESP, Jantes aluminium, Limiteur de vitesse, Ordinateur de bord, Radar de recul, Régulateur de vitesse, Système de navigation/GPS, Verrouillage centralisé à distance, Vitres électriques",Non,6,diesel,4b3eqpsfcl8o_3,324999,Berlingo,WW au Maroc,125000,12/05/2025 11:41,Tanger,Jirrari,avito,سطروين برلينغو .Citroën Berlingo,Manuelle,2017
fc0610b4-d83f-4fa5-81ee-b3e9228d8086,renault,Correct,Mohamed,5,,,6,diesel,csejurzocrqd_33,124999,Scenic,WW au Maroc,95000,12/05/2025 13:22,El Jadida,Cité Des Cadres - Saniat Al Mourakib,avito,RENAULT SCENIC,Manuelle,2015
55df6450-e58b-42c1-983b-f79dcbef1d14,dacia,,Riad Richdy,5,"ABS, Airbags, CD/MP3/Bluetooth, Caméra de recul, Climatisation, ESP, Limiteur de vitesse, Ordinateur de bord, Radar de recul, Régulateur de vitesse, Système de navigation/GPS, Verrouillage centralisé à distance, Vitres électriques",Non,6,diesel,hgrmg6tjfdlp_34,114999,Sandero,WW au Maroc,125000,12/05/2025 11:37,Casablanca,2 Mars,avito,Dacia Sandero Diesel Manuelle 2022 à Casablanca,Manuelle,2022
4fc2a827-3867-444d-9b94-99688e17cf51,audi,Excellent,El Mehdi,5,"ABS, Airbags, CD/MP3/Bluetooth, Caméra de recul, Climatisation, ESP, Jantes aluminium, Limiteur de vitesse, Ordinateur de bord, Radar de recul, Régulateur de vitesse, Sièges cuir, Système de navigation/GPS, Toit ouvrant, Verrouillage centralisé à distance, Vitres électriques",Oui,8,diesel,ltd7lewrhfk0_32,87499,A6,WW au Maroc,380000,12/05/2025 12:16,Casablanca,Polo,avito,Audi A6 40tdi 2022,Automatique,2022
8aafef35-ca28-4632-bd1c-218fcf3ba413,audi,,AUTO HICHAM ERRAHMANI,5,"Bonjour je mets en vente ma voiture audi q5 s-line , modèle 10/2017 dédouaner 06/2021 , automatique . diesel . 8 cv. 2-éme main. pour plus d'informations n'hésitez pas de nous contacter merci .",Non,8,diesel,edtykf6yr2xf_7,189000,Q5,,,12/05/2025 00:00,Marrakech,Marrakech,moteur,AUDI  Q5,Automatique,
d9ce1401-e210-423a-a704-5b57bae4c52f,hyundai,,AUTO HICHAM ERRAHMANI,5,"Bonjour je mets en vente ma voiture hyundai i10 , modèle 06-2021 , manuelle. 6 cv . essence . 1-er main . bon état . pour plus d'informations n'hésitez pas de nous contacter . merci .",Oui,6,essence,cgo84twlq0c9_2,99000,I10,,,12/05/2025 00:00,Marrakech,Marrakech,moteur,HYUNDAI  I10,Manuelle,
36582f66-82c5-40ec-9184-e1f27381beb0,dacia,,AUTO HAMZA,5,سلام عليكم ورحمة الله وبركاته سيارة للبيع للمزيد من المعلومات المرجو الاتصال بنا او زيارة محلنا وشكرا,Oui,6,diesel,1zajp4qfd8y8_14,79000,Logan,,,12/05/2025 00:00,Marrakech,Marrakech,moteur,DACIA  Logan,Manuelle,
c6ed0b28-0585-400b-8990-067a5c9258c5,citroën,Très bon,Ayoub,5,"ABS, Airbags, CD/MP3/Bluetooth, Caméra de recul, Climatisation, ESP, Jantes aluminium, Limiteur de vitesse, Ordinateur de bord, Radar de recul, Régulateur de vitesse, Sièges cuir, Système de navigation/GPS, Verrouillage centralisé à distance, Vitres électriques",Oui,6,diesel,o1wkrxv2z2cp_15,194999,C4,WW au Maroc,117000,12/05/2025 13:01,Marrakech,Targa,avito,Citroën C4 2017 à vendre,Manuelle,2017
a4070fb5-74cc-47e6-a058-95655fd6a83d,volkswagen,Excellent,Shaheen AutoShopBadge Icon,5,"ABS, Airbags, CD/MP3/Bluetooth, Caméra de recul, Climatisation, ESP, Jantes aluminium, Limiteur de vitesse, Ordinateur de bord, Radar de recul, Régulateur de vitesse, Sièges cuir, Système de navigation/GPS, Toit ouvrant, Verrouillage centralisé à distance, Vitres électriques",Oui,12,diesel,3g82nfk39ij2_1,42499,Touareg,WW au Maroc,,12/05/2025 13:37,Casablanca,Oulfa,avito,Volkswagen Touareg Diesel Automatique 2023,Automatique,2023
2f4688ff-eb97-4676-81cf-83835b9c4d19,renault,Très bon,chimo,3,,,4,essence,ur6gqaot1l8n_25,104999,Clio,WW au Maroc,,12/05/2025 13:36,Casablanca,Almaz,avito,Renault Clio,Manuelle,2019
f0caabf3-5853-43da-b6f3-e5fa21c79f34,renault,Très bon,MrShopBadge Icon,3,"ABS, Airbags, CD/MP3/Bluetooth, Caméra de recul, Climatisation, ESP, Jantes aluminium, Limiteur de vitesse, Ordinateur de bord, Radar de recul, Régulateur de vitesse, Sièges cuir, Système de navigation/GPS, Toit ouvrant, Verrouillage centralisé à distance, Vitres électriques",Non,11,essence,v45p8z3m4l7a_4,114999,Clio,WW au Maroc,,12/05/2025 13:37,Casablanca,C.I.L,avito,Renault clio rs,Manuelle,2010
470bb8b9-b074-46af-8ea3-9228314cedba,citroën,Très bon,Lam lamya,5,"Airbags, Climatisation, Jantes aluminium, Vitres électriques",Oui,6,diesel,s5r8uuz7ggaw_6,144999,C3,Dédouanée,109000,12/05/2025 12:27,Bouskoura,Bouskoura centre,avito,Citroën C3 Diesel Manuelle 2018 à Bouskoura,Manuelle,2018
c5f8b211-34f3-41e1-b815-a8c78138f6bf,peugeot,,AUTO SALA EL JADIDA,5,Auto sala el jadida mets en vente une nouvelle peugeot 308 eat8 bva active mise en circulation août 2022 kilométrage certifié peinture originale 1er main particulier notre emplacement est disponible sur google maps et waze on acceptent également la reprise,Oui,6,diesel,sjcymwbkkpfs_1,79000,308,,235000,12/05/2025 00:00,Rabat,Rabat,moteur,PEUGEOT  308,Automatique,
714fc122-bb2c-4086-932f-49695c389bd0,mercedes-benz,,HIVERNAGE AUTO,5,Fraichement importé la nouvelle glc coupé est actuellement disponible chez hivernage auto,Oui,8,diesel,5s1wrdr9imbz_29,4000,Classe,,,12/05/2025 00:00,Casablanca,Casablanca,moteur,MERCEDES-BENZ  Classe glc,Automatique,
f7b53560-ce8f-425e-ba1c-f2196b9d5a71,audi,,AUTO SALA EL JADIDA,5,Auto sala el jadida mets en vente une nouvelle audi a5 sportback facelift modele 12/2020 on acceptent la reprise,Oui,8,diesel,f0490k1cnduq_5,119000,A5,,,12/05/2025 00:00,Rabat,Rabat,moteur,AUDI  A5,Automatique,
efde80db-e8d2-452d-ad76-79a766d38740,dacia,Excellent,Promorent AutoShopBadge Icon,5,"ABS, Airbags, CD/MP3/Bluetooth, Caméra de recul, Climatisation, ESP, Jantes aluminium, Limiteur de vitesse, Ordinateur de bord, Radar de recul, Régulateur de vitesse, Sièges cuir, Verrouillage centralisé à distance, Vitres électriques",Oui,6,diesel,5yp9hejhxtbf_10,97499,Duster,WW au Maroc,,12/05/2025 11:37,Casablanca,Bourgogne,avito,Duster boîte auto 2022,Automatique,2022
014a7fcb-28bf-4265-8354-acffc128c9f6,mini,Excellent,YassineShopBadge Icon,5,"ABS, Airbags, CD/MP3/Bluetooth, Caméra de recul, Climatisation, ESP, Jantes aluminium, Limiteur de vitesse, Ordinateur de bord, Radar de recul, Régulateur de vitesse, Sièges cuir, Système de navigation/GPS, Verrouillage centralisé à distance, Vitres électriques",Oui,8,diesel,t2yaxicfms18_19,114999,Countryman,WW au Maroc,192000,12/05/2025 12:16,Casablanca,Californie,avito,Mini Cooper country man diesel,Automatique,2017
bc38e7fa-7ef8-4b88-9dfb-dc94a73809a6,audi,,AUTO AYMANE,5,Audi q5 automatique diesel toute options volant multifonction fonction écran de bord gps radar et caméra derecul écran de bord gps limiteur régulateur 4vittres elc bleutouth jantes aluminium rétroviseurs rabattabel projecteur xénon 1ère main entretien maison,Oui,8,diesel,d00hvwknpb9o_5,159000,Q5,,,26/05/2025 00:00,Casablanca,Casablanca,moteur,AUDI  Q5,Automatique,
74f8b454-90da-4433-a8e2-8680367c3ddf,jeep,Excellent,MehdiShopBadge Icon,5,"ABS, Airbags, CD/MP3/Bluetooth, Caméra de recul, Climatisation, ESP, Jantes aluminium, Limiteur de vitesse, Ordinateur de bord, Radar de recul, Régulateur de vitesse, Sièges cuir, Système de navigation/GPS, Verrouillage centralisé à distance, Vitres électriques",Oui,8,diesel,76zeevlpd0n3_5,92499,Cherokee,WW au Maroc,189000,12/05/2025 13:05,Casablanca,2 Mars,avito,Jeep Cherokee Limited BVA 2019,Automatique,2019
00e2bfed-fe2a-422a-b915-7954e326cf7a,ferrari,,GARAGE LAHCEN,3,Garage lahcen vous propose une très belle ferrari california v8 cabriolet modele 2012 dedouane 2015 voiture bien suivie vidange a jour pour plus d infos visiter notre showroom au 6 bd zerktouni casablanca ou appeler mr hicham,Non,25,essence,booxiase8yxa_13,79000,California,,,12/05/2025 00:00,Casablanca,Casablanca,moteur,FERRARI  California,Automatique,
9c604208-4cda-4fe4-9eeb-af544da3df23,land rover,Neuf,Hamiddrawi,5,"ABS, Airbags, CD/MP3/Bluetooth, Caméra de recul, Climatisation, ESP, Jantes aluminium, Limiteur de vitesse, Ordinateur de bord, Radar de recul, Régulateur de vitesse, Sièges cuir, Système de navigation/GPS, Toit ouvrant, Verrouillage centralisé à distance, Vitres électriques",Non,8,diesel,dk49zziup9j9_34,224999,Range Rover Evoque,WW au Maroc,,12/05/2025 12:27,Tanger,Branes 1,avito,range rover evoque,Automatique,2013
760bc6b9-c5f0-48b7-b8e0-e8c660918da6,jaguar,,VOITURES PARTICULIERS CERTIFIéES,5,"•avito / moteur.ma vous proposer : •jaguar - xf - diesel 121923 km - année 2016 en vente. •véhicule en excellent état •la voiture a été expertisée suivant plus de 50 points de contrôles. •le rapport d’expertise détaillé est disponible sur demande, garantissant la qualité et la fiabilité du véhicule. •le financement est disponible auprès de wafasalaf veuillez nous contacter pour plus d'informations ou pour voir le véhicule.",Non,9,diesel,js48qf61mp1e_25,129000,Xf,,180000,12/05/2025 00:00,Casablanca,Casablanca,moteur,JAGUAR  Xf,Automatique,
72761cfb-175a-49c7-8b13-1218ef817069,renault,Excellent,IDOSCAR OCCAZShopBadge Icon,5,"ABS, Airbags, CD/MP3/Bluetooth, Climatisation, ESP, Jantes aluminium, Limiteur de vitesse, Ordinateur de bord, Radar de recul, Régulateur de vitesse, Système de navigation/GPS, Verrouillage centralisé à distance, Vitres électriques",Oui,6,diesel,hipeigibyevm_4,124999,Clio,WW au Maroc,,12/05/2025 12:27,Sale,Sala El Jadida,avito,Renault Clio Diesel Automatique 2019 à Salé,Automatique,2019
13214565-c338-4e6a-9422-ac2cb1affea6,audi,Neuf,AA,5,,Oui,8,diesel,f73dnrd2cb3d_11,67499,Q5,Dédouanée,,12/05/2025 11:37,Casablanca,Californie,avito,audi q5 Sportback,Automatique,2023
5f399b10-af7d-490a-ba4c-c44bbcaea106,alfa-romeo,,STELLANTIS &YOU CASABLANCA,5,"Alfa romeo stelvio quadrifoglio 2.9l v6 bi-trubo 510ch garantie 12 mois ou 50.000 km date de mise en circulation : janvier 2022 kilometrage : 60.000 le véhicule a été vérifié dans nos ateliers et soumis à un contrôle rigoureux possibilité de reprise de votre véhicule et financement à crédit. vitesse, efficacité et sécurité grâce à un mélange parfait de puissance et de technologie.",Oui,17,essence,lu383oks0sow_24,64000,Stelvio,,660000,12/05/2025 00:00,Casablanca,Casablanca,moteur,ALFA-ROMEO  Stelvio,Automatique,
27239bb4-f47c-479d-8359-314e20a80095,skoda,,AUTO AYMANE,5,Skoda kodiaq diesel toute options boîte automatique climatisation automatique volant multifonction limiteur régulateur jantes aluminium 19 pouces antibrouillard rétroviseurs rabattabel antibrouillard radar de recul avant et arrière overture et démarrage empreinte écran de bord gps caméra de recul salon cuire elc chofant mémoire 4vittres elc bleutouth projecteurs gèzeno twa ouvrant panoramique 1ère main entretien maison,Oui,8,diesel,yw9e1ppbyibe_12,139000,Kodiaq,,,12/05/2025 00:00,Casablanca,Casablanca,moteur,SKODA  Kodiaq,Automatique,
fc4bdd16-ee91-48a3-8e56-46c0540f037b,peugeot,,Mohamed,5,,,6,diesel,xdozlny6hj2q_19,12499,205,,17000,12/05/2025 11:37,Agadir,Anza,avito,Peugeot 205 Diesel Manuelle 1984 à Agadir,Manuelle,
1e2ddabc-1801-4631-945f-96370c7d3f45,mercedes-benz,Excellent,Brookline autoShopBadge Icon,5,,Oui,11,essence,ko4e6indfrst_22,62499,Classe CLA,Importée neuve,680000,12/05/2025 11:37,Casablanca,2 Mars,avito,Mercedes-benz CLA 45s AMG,Automatique,2021
65e0f969-52b8-4c68-b36c-48993fa95d20,volkswagen,,YASINE,5,Touran bien entretenue model 2018 dédouané fin 2024 veuillez me contactez pour plus d’info mercedes audi porsche hyundai toyota,Oui,8,diesel,jlz9tlgryfjh_13,189000,Touran,,,12/05/2025 00:00,Casablanca,Casablanca,moteur,VOLKSWAGEN  Touran,Automatique,
b6d67f3c-a067-4e6b-ba14-ffa3bf46b010,volkswagen,Très bon,AYOUB EL BASRI,5,"ABS, CD/MP3/Bluetooth, Caméra de recul, Climatisation, Jantes aluminium, Limiteur de vitesse, Verrouillage centralisé à distance",Non,8,diesel,xp6l90y2t3uv_2,164999,Golf 5,,,12/05/2025 13:01,El Kelaa des Sraghna,Toute la ville,avito,Volkswagen Golf 5 Diesel Manuelle 2007,Manuelle,2007
5d921af6-a321-4ea9-ac07-6b5fee6d6417,mini,Bon,Smeia - BMW OccasionShopBadge Icon,3,Vitres électriques,Oui,9,essence,pr9p31o11gob_32,57499,Cooper,WW au Maroc,172000,12/05/2025 10:41,Casablanca,Ain Sebaa,avito,Mini Cooper Boîte Automatique,Manuelle,2017
6282ebbc-b68a-4976-970a-56acbb1878d1,audi,Très bon,MohammedShopBadge Icon,5,"ABS, Airbags, CD/MP3/Bluetooth, Caméra de recul, Climatisation, ESP, Jantes aluminium, Limiteur de vitesse, Ordinateur de bord, Radar de recul, Régulateur de vitesse, Système de navigation/GPS, Verrouillage centralisé à distance, Vitres électriques",Oui,8,diesel,o5wt5y1egusq_8,124999,Q2,WW au Maroc,,12/05/2025 12:16,Tétouan,Centre ville,avito,Audi Q2 2.0 Diesel,Automatique,2019
0db9ab88-4464-4c6d-bc86-be63e05c9cfb,fiat,,STELLANTIS &YOU CASABLANCA,3,Fiat 500 dolcevita avec toit panoramique garantie constructeur : 3 ans / 100.000 km à partir de la date de mec date de mise en circulation : mars 2024 kilometrage : 23.900 km stellantis&you met en vente un véhicule d’occasion quasi neuf. le véhicule a été vérifié dans nos ateliers et soumis à un contrôle rigoureux possibilité de reprise de votre véhicule et financement à crédit gratuit,Non,7,essence,ne8uwlyfawko_24,24000,500,,162000,26/05/2025 00:00,Casablanca,Casablanca,moteur,FIAT  500,Automatique,
76d1ea34-3550-441d-afc1-a6b22cd3c29a,kia,,STELLANTIS &YOU CASABLANCA,5,"Kia sportage design plus avec toit ouvrant, cuire et cockpit digital garantie constructeur : 3 ans / 100.000 km à partir de la date de mec date de mise en circulation : aout 2023 kilometrage : 24500 le véhicule a été vérifié dans nos ateliers et soumis à un contrôle rigoureux avec essai dynamique sur route. possibilité de reprise et financement à crédit. pour plus d'information , veuillez contacter stellantis&you",Oui,8,diesel,ophj33xuf5q3_22,34000,Sportage,,323000,26/05/2025 00:00,Casablanca,Casablanca,moteur,KIA  Sportage,Automatique,
4359db5c-9313-4370-88bd-62bf85d05d4b,volvo,,SELECT GARANTIE,3,Volvo c70 coupÉe en parfait État premiÈre main jamais accidentÉ contacter select garantie.,Oui,11,essence,xy86j91z8yfy_1,99000,C70,,,12/05/2025 00:00,Marrakech,Marrakech,moteur,VOLVO  C70,Automatique,
087a9dd4-52b9-494f-881c-0f63b985dddc,mercedes-benz,,AUTO EMERAUDE,5,Véhicule en excellent état pour plus d’info contactez nous,Oui,11,hybride,2fwjb07pkviq_18,59000,Classe,,,12/05/2025 00:00,Casablanca,Casablanca,moteur,MERCEDES-BENZ  Classe gle,Automatique,
d12a1d47-8d55-4e03-b8e2-7d7fded65b1a,mercedes-benz,,AUTO GHALI,5,Mercedes glc 300de 2025 0 km designo importé neuf toutes options,Oui,9,diesel,j6dcgzc7wprf_21,4000,Classe,,,12/05/2025 00:00,Casablanca,Casablanca,moteur,MERCEDES-BENZ  Classe glc,Automatique,
6867eb2c-d75d-457f-a949-1e3c7bbef519,dacia,,AUTO AYMANE,5,Daciastepway diesel toute options boîte manuel climatisation automatique volant multifonction limiteur régulateur antibrouillard rétroviseurs elc caméra de recul écran de bord gps radar de recul 4 vitter elc 1ère main entretien maison,Oui,6,diesel,nyd35bfcr08k_4,109000,Sandero,,,26/05/2025 00:00,Casablanca,Casablanca,moteur,DACIA  Sandero,Manuelle,
32489d0e-f4f7-4c4d-b029-1723370214d3,dacia,Excellent,Abdellah,5,"ABS, Airbags, CD/MP3/Bluetooth, Climatisation, ESP, Jantes aluminium, Limiteur de vitesse, Ordinateur de bord, Radar de recul, Régulateur de vitesse, Verrouillage centralisé à distance",Non,6,diesel,ellpupox49s4_23,92499,Logan,WW au Maroc,140000,12/05/2025 13:05,Agadir,Tassila,avito,Dacia Logan à vendre,Manuelle,2022
2464176f-a560-43c2-8b1a-608be1f6519f,nissan,,AUTO AYMANE,5,Nissan qashqai diesel automatique toute options climatisation digital volant multifonction écran de bord gps radar de recul jantes aluminium 4vittres elc bleutouth antibrouillard rétroviseurs elc,Oui,6,diesel,xs70ii3ri58f_7,139000,Qashqai,,,26/05/2025 00:00,Casablanca,Casablanca,moteur,NISSAN  Qashqai,Automatique,
da1b1c23-4645-4865-9b52-9f5f637904df,mercedes-benz,,HIVERNAGE AUTO,5,Fraichement importé véhicule full options,Oui,8,hybride,05ssi3puu9so_6,4000,Classe,,,12/05/2025 00:00,Casablanca,Casablanca,moteur,MERCEDES-BENZ  Classe glc,Automatique,
ca5f4f56-7525-4c5f-8ea2-f85b10a98a21,opel,Excellent,DRISSShopBadge Icon,5,"ABS, Airbags, CD/MP3/Bluetooth, Caméra de recul, Climatisation, ESP, Jantes aluminium, Limiteur de vitesse, Ordinateur de bord, Radar de recul, Régulateur de vitesse, Système de navigation/GPS, Verrouillage centralisé à distance, Vitres électriques",Oui,6,diesel,s7mehizkq590_15,92499,Crossland,WW au Maroc,189000,12/05/2025 13:05,Kenitra,Ouled Oujih,avito,Opel Crossland X Diesel Automatique 2021 à Kénitra,Automatique,2021
15b9d698-7680-4576-b635-9a82f4711052,ford,,MOHAMMED,5,Focus sport modèle septembre 2015,Non,6,diesel,rbrcxsnxnguk_28,152000,Focus,,145000,26/05/2025 00:00,Rabat,Rabat,moteur,FORD  Focus Sport,Manuelle,
66196655-ab4b-451d-8112-1956a606f290,audi,,HIVERNAGE AUTO,5,Véhicule d'occasion très peu rouler full options n'hésitez pas a nous contacter pour plus d'infos,Oui,11,essence,ovt7lvn6c2p2_27,19000,Q3,,,12/05/2025 00:00,Casablanca,Casablanca,moteur,AUDI  Q3,Automatique,
ca2bf230-4dc1-43b9-b9c1-2c66fe8d7e46,bmw,,GARAGE LAHCEN,5,Garage lahcen vous propose une bmw 730ld exclusive line w maroc 1ere main suivie par la maison bmw disposant de: angle mort sonorisation harman&kardon toit ouvrant hid ( affichage tete haute ) porte soft close and keyless entry camera 360° et radar av ar coffre auto store lateraux siege cuir memoire eclairage ambiant clim digital quadrizone volant cuir multifonction... pour plus d'info visiter notre showroom au 6 bd zerktouni casablanca ou appeler mr ali,Oui,12,diesel,ntesbsyaqj1a_15,159000,Serie,,,12/05/2025 00:00,Casablanca,Casablanca,moteur,BMW  Serie 7,Automatique,
37db49cc-dd7e-46f6-bb15-d75dcd278432,opel,,AYOUB,5,,Oui,6,diesel,txz376w0mkw2_4,870000,Astra,,240000,12/05/2025 00:00,Casablanca,Casablanca,moteur,OPEL  Astra L,Manuelle,
da581805-50d1-4986-bcb8-74b210bf7f44,toyota,,AUTO 212,5,"Véhicule en parfait état 01/ 2023 au compteur 35 097 km, avec 6 airbags , clim auto , jante alu 16, retro électriques et rabattables ,camera de recul , bluetooth, boite auto , antibrouillard , .......avec 3 mois de garantie possible de crédit avec la banque",Non,9,hybride,cdb3ydvtrxes_21,39000,Yaris,,,12/05/2025 00:00,Casablanca,Casablanca,moteur,TOYOTA  Yaris,Automatique,
dc19bf02-e10a-4f1b-8246-f93a3cd3786d,fiat,Excellent,mastafa,5,"ABS, Airbags, CD/MP3/Bluetooth, Caméra de recul, Climatisation, ESP, Limiteur de vitesse, Ordinateur de bord, Radar de recul, Régulateur de vitesse, Sièges cuir, Système de navigation/GPS, Verrouillage centralisé à distance, Vitres électriques",Non,6,diesel,vgjiiqzr27qu_35,134999,Doblo,WW au Maroc,100000,12/05/2025 10:41,Ben Guerir,Toute la ville,avito,Fiat Doblo Diesel M2016 Tt option,Manuelle,2016
8cf3310a-af2e-4ed2-81ab-bcff0f9d5a80,opel,Excellent,Sk Yassin AUTOShopBadge Icon,5,"ABS, Airbags, CD/MP3/Bluetooth, Caméra de recul, Climatisation, ESP, Jantes aluminium, Limiteur de vitesse, Ordinateur de bord, Radar de recul, Régulateur de vitesse, Sièges cuir, Système de navigation/GPS, Verrouillage centralisé à distance, Vitres électriques",Non,5,diesel,msf5edr8jumf_7,72499,Astra,WW au Maroc,178000,12/05/2025 10:41,Rabat,Hay el Fath,avito,Opel astra autaumatique,Automatique,2019
3895cd45-f7a5-4562-b3cf-92c2e7b06d21,porsche,Excellent,Elegance carsShopBadge Icon,5,"ABS, Airbags, CD/MP3/Bluetooth, Caméra de recul, Climatisation, ESP, Jantes aluminium, Limiteur de vitesse, Ordinateur de bord, Radar de recul, Régulateur de vitesse, Sièges cuir, Système de navigation/GPS, Verrouillage centralisé à distance, Vitres électriques",Oui,20,hybride,xfzyfos0x5d4_11,2499,Cayenne,Importée neuve,,12/05/2025 13:25,Casablanca,Maarif,avito,Porsche Cayenne Coupe E-Hybride 2025,Automatique,2025
a5ad45a4-7aa9-4f1f-b0fa-7131c427c283,renault,Excellent,Hmizat auto motoShopBadge Icon,5,,Oui,6,diesel,wszj83t2fwbp_19,114999,Clio,WW au Maroc,130000,12/05/2025 13:01,Casablanca,Oulfa,avito,Renault Clio Diesel Manuelle 2021 à Casablanca,Manuelle,2021
2b0da07b-f084-411c-9d8d-4962e5c247df,toyota,Excellent,SupercarsShopBadge Icon,5,"ABS, Airbags, CD/MP3/Bluetooth, Caméra de recul, Climatisation, ESP, Jantes aluminium, Limiteur de vitesse, Ordinateur de bord, Radar de recul, Régulateur de vitesse, Système de navigation/GPS, Toit ouvrant, Verrouillage centralisé à distance, Vitres électriques",Oui,14,hybride,3tmpbj8jd620_16,104999,RAV-4,WW au Maroc,256000,12/05/2025 13:05,Casablanca,2 Mars,avito,Toyota Rav4 hybride Automatique 2020 à Casablanca,Automatique,2020
c48c002c-387e-4570-94e9-0b477d924498,citroen,,NADO.MA,5,Citroen c5 air cross 2.0 eat8 - 2020 voir la voiture en vidéo et photos sur notre site nado ma le véhicule a été évalué et expertisé totalement et ne fait objet d’aucun accident ou opposition veuillez nous contacter pour plus d’informations choisissez votre voiture maintenant ici sur la plateforme nado ma,Oui,8,diesel,1skguf4ysrhp_3,109000,C5,,205000,12/05/2025 00:00,Casablanca,Casablanca,moteur,CITROEN  C5,Automatique,
91b1c03a-1971-477f-93b7-860d6ebb17aa,porsche,Excellent,Hafid,5,"ABS, Airbags, CD/MP3/Bluetooth, Caméra de recul, Climatisation, ESP, Jantes aluminium, Limiteur de vitesse, Ordinateur de bord, Radar de recul, Régulateur de vitesse, Sièges cuir, Système de navigation/GPS, Toit ouvrant, Verrouillage centralisé à distance, Vitres électriques",Oui,13,diesel,oy3jaumxsx0h_11,134999,Cayenne,WW au Maroc,345000,12/05/2025 13:38,Rabat,Douar el Hajja,avito,Porsche Cayenne Diesel Automatique 2015 à Rabat,Automatique,2015
3071c8fb-9204-4b6f-9759-864ca205e569,skoda,,VOITURES PARTICULIERS CERTIFIéES,5,"•avito / moteur.ma vous proposer : •skoda - kodiaq 60000 km - modele 2019 en vente. •véhicule en excellent état •la voiture a été expertisée suivant plus de 50 points de contrôles. •le rapport d’expertise détaillé est disponible sur demande, garantissant la qualité et la fiabilité du véhicule. •le financement est disponible auprès de wafasalaf veuillez nous contacter pour plus d'informations ou pour voir le véhicule.",Non,8,diesel,pggxrkz82j01_14,64000,Kodiaq,,300000,12/05/2025 00:00,Casablanca,Casablanca,moteur,SKODA  Kodiaq,Automatique,
7aaa746d-83d1-40c1-bba9-c8a5dff55f10,volkswagen,,AUTO HASSAN ALKHAYAT,5,Full options caméra 360° pack nuit,Non,12,diesel,tmk17daxpklh_12,199000,Touareg,,,12/05/2025 00:00,Marrakech,Marrakech,moteur,VOLKSWAGEN  Touareg,Automatique,
eb864504-2a36-45d7-9bde-34be108ec67b,citroën,Neuf,Auto SALA EL JADIDAShopBadge Icon,5,"ABS, Airbags, CD/MP3/Bluetooth, Caméra de recul, Climatisation, ESP, Jantes aluminium, Limiteur de vitesse, Ordinateur de bord, Radar de recul, Régulateur de vitesse, Sièges cuir, Système de navigation/GPS, Verrouillage centralisé à distance, Vitres électriques",Oui,6,diesel,apmmht5wl5f2_9,72499,C4,WW au Maroc,,12/05/2025 13:05,Rabat,Hay Riad,avito,Nouvelle Citroen C4 Shine Pack BVA 2022 Diesel,Automatique,2022
e5f076da-14e8-466e-b10d-785ec738a375,mercedes-benz,Neuf,Auto RoumaisaaShopBadge Icon,5,"ABS, Airbags, CD/MP3/Bluetooth, Caméra de recul, Climatisation, ESP, Jantes aluminium, Limiteur de vitesse, Ordinateur de bord, Radar de recul, Régulateur de vitesse, Sièges cuir, Système de navigation/GPS, Toit ouvrant, Verrouillage centralisé à distance, Vitres électriques",,9,diesel,1zkrhgjjp33p_19,2499,220,Importée neuve,,12/05/2025 13:24,Casablanca,Aïn Chock,avito,Mercedes-Benz CLE 220 d,Automatique,2025
c7e18c83-b909-41e4-880d-2d515dd70e94,volkswagen,Excellent,Jad AutocazShopBadge Icon,5,,Non,8,diesel,01e08cs6pnn8_24,22499,Passat,WW au Maroc,125000,12/05/2025 13:01,Fes,Agdal,avito,passat mazal jdida,Manuelle,2012
88648306-95fa-4c4f-ab39-1c98d7018f63,volkswagen,Très bon,auto slaouiShopBadge Icon,5,"ABS, Airbags, CD/MP3/Bluetooth, Caméra de recul, Climatisation, ESP, Jantes aluminium, Limiteur de vitesse, Ordinateur de bord, Radar de recul, Régulateur de vitesse, Sièges cuir, Système de navigation/GPS, Toit ouvrant, Verrouillage centralisé à distance, Vitres électriques",Oui,8,diesel,3legpg7c1qdp_6,104999,Golf 7,WW au Maroc,248000,12/05/2025 13:27,Tanger,Castilla,avito,Volkswagen Golf 7 R line,Automatique,2020
94ee4dab-b2d7-4252-ae86-564119ed869c,peugeot,,auto atakadaw ShopBadge Icon,,"ABS, Airbags, CD/MP3/Bluetooth, Caméra de recul, Climatisation, ESP, Jantes aluminium, Limiteur de vitesse, Ordinateur de bord, Radar de recul, Régulateur de vitesse, Sièges cuir, Système de navigation/GPS, Toit ouvrant, Verrouillage centralisé à distance, Vitres électriques",Oui,8,diesel,eg70sl86cytz_27,87499,3008,WW au Maroc,285000,12/05/2025 19:11,Fes,Ben Souda,avito,Peugeot- 3008 Diesel gt,Automatique,2022
fec59d3f-ccce-4db8-a029-f9eefa401d9c,mercedes-benz,,AUTO GHALI,5,Auto ghali met en vente une mercedes glc 300de amg line plus 0 km toutes options pour plus d'info merci de nous contacter.,Oui,11,diesel,adyuxg5h4k9c_16,4000,Classe,,,12/05/2025 00:00,Casablanca,Casablanca,moteur,MERCEDES-BENZ  Classe glc,Automatique,
92956b5e-e3a3-41e6-a8b5-e73d4c11b715,land-rover,,VOITURES PARTICULIERS CERTIFIéES,5,"Range rover velar 2.0 d i4 240 4wd s diesel 240 ch 8 cv 5,4 l/100 km model 2019 en vente avec 63149 km réel entretien à la maison. véhicule en excellente état. la voiture a été expertisée suivant 50 points de contrôles. le rapport d’expertise détaillé est disponible sur demande, garantissant la qualité et la fiabilité du véhicule.   financement est possible à partir de 5000mad/mois. veuillez nous contacter pour plus d'informations ou pour voir le véhicule.",Oui,8,diesel,ev0ahd5qzuf4_11,64000,Range,,530000,12/05/2025 00:00,Casablanca,Casablanca,moteur,LAND-ROVER  Range rover velar,Automatique,
b98aa2ff-4000-41d8-beed-e7bf49afcbd3,ferrari,,GARAGE LAHCEN,3,Garage lahcen vous propose une belle italienne ferrari california cabriolet modèle 09/2012 dedouane 09/2015 pour plus d'info visiter notre showroom au 6 bd zerktouni casablanca ou appeler mr hicham,Oui,25,essence,pm7keu1uvina_16,79000,California,,,12/05/2025 00:00,Casablanca,Casablanca,moteur,FERRARI  California,Automatique,
9f4f370a-816e-4c8b-af0f-22e940c5fc7c,volkswagen,Bon,Saad,5,"ABS, Airbags, CD/MP3/Bluetooth, Caméra de recul, Climatisation, ESP, Jantes aluminium, Limiteur de vitesse, Ordinateur de bord, Radar de recul, Régulateur de vitesse, Sièges cuir, Système de navigation/GPS, Toit ouvrant, Verrouillage centralisé à distance, Vitres électriques",Oui,8,diesel,rh4jcz0g5628_24,57499,Tiguan,Dédouanée,,12/05/2025 12:27,Agadir,Centre Ville,avito,Volkswagen Tiguan R-Line,Automatique,2022
ebddb2e9-5fbd-42fc-a07f-3f0286221610,mini,Bon,KECH AUTOShopBadge Icon,5,"ABS, Airbags, CD/MP3/Bluetooth, Climatisation, ESP, Jantes aluminium, Limiteur de vitesse, Ordinateur de bord, Régulateur de vitesse, Sièges cuir, Verrouillage centralisé à distance, Vitres électriques",Non,8,diesel,hvs5grhzy0ly_30,154999,Countryman,Importée neuve,138000,12/05/2025 13:05,Marrakech,Autre secteur,avito,Mini Country Man Diesel Automatique 2013,Automatique,2013
d2f569d0-9e9c-4d1f-a84a-75c1f5959efb,mercedes-benz,,AUTO ROUMAISSA,3,Mercedes-benz cle 220d 2025 pack amg line plus 0 km importé neuf toutes options transmission : 9g-tronic camera 360° 3d head up display suspension pneumatique Éclairage d'ambiance toit ouvrant panoramique sièges chauffants ventilées électriques mémoires massants et pleins d'autres options à découvrir contactez-nous dès aujourd'hui via téléphone ou whatsapp c63s cle53 f1 mercedes gle63s sl63,Non,9,diesel,9r2crgi0hw1g_30,4000,220,,,12/05/2025 00:00,Casablanca,Casablanca,moteur,MERCEDES-BENZ  220,Automatique,
48819253-430c-41b0-bc3c-6c7e0fa0dc0d,opel,Excellent,Face lift autoShopBadge Icon,5,,Oui,6,diesel,783njmuz9v48_32,37499,Corsa,WW au Maroc,185000,12/05/2025 13:01,Casablanca,Aïn Diab,avito,Opel corsa GS Line,Manuelle,2023
d315e965-0d6b-42f2-9c31-a29d4987466d,audi,,AUTO GHALI,5,"Auto ghali met en vente une audi a5 s line quattro importer neuve avec 0 km . s line int/ ext , double tableau ,distronique , camera 360 , mal electrique ... pour plus d'info merci de nous contacter .",Non,8,diesel,i5boz0q6govj_18,4000,A5,,,12/05/2025 00:00,Casablanca,Casablanca,moteur,AUDI  A5,Automatique,
6e6dc5f3-53d7-48f3-96b2-96e815b4fef7,mercedes-benz,,AUTO MICHA,5,L'entretien à la maison 28/11/2021 si vous êtes intéressé contactez moi pour connaître le prix.,Oui,9,diesel,yc8p6oxp3sfe_29,29000,Classe,,,12/05/2025 00:00,Rabat,Rabat,moteur,MERCEDES-BENZ  Classe e 220d designo,Automatique,
051bc625-91cc-483c-9c75-47005e7f40e4,renault,Excellent,Aboulkacem Youssef,,"Airbags, Caméra de recul, Climatisation, Jantes aluminium, Radar de recul, Sièges cuir, Système de navigation/GPS",Oui,8,diesel,935s8puxdvqi_13,144999,Talisman,WW au Maroc,206000,12/05/2025 12:27,Casablanca,Sidi Moumen,avito,Renault talisman diesel Automatique 2019,Automatique,2019
a82db833-430e-477c-ad96-4d83c085facd,volkswagen,Excellent,Central Motors cars ShopBadge Icon,5,"ABS, Airbags, CD/MP3/Bluetooth, Caméra de recul, Climatisation, ESP, Jantes aluminium, Limiteur de vitesse, Ordinateur de bord, Radar de recul, Régulateur de vitesse, Sièges cuir, Système de navigation/GPS, Toit ouvrant, Verrouillage centralisé à distance, Vitres électriques",Oui,12,,3l4df6ewxz1a_7,7499,I.D.Crozz,Dédouanée,,12/05/2025 13:36,Casablanca,Bourgogne,avito,VLKS ID.6 CROZZ PRO,Automatique,2023
12396e5d-a6d9-430b-8932-4a528a34f044,audi,Excellent,HASSAN AL KHAYATShopBadge Icon,5,"ABS, Airbags, CD/MP3/Bluetooth, Caméra de recul, Climatisation, ESP, Jantes aluminium, Limiteur de vitesse, Ordinateur de bord, Radar de recul, Régulateur de vitesse, Sièges cuir, Système de navigation/GPS, Toit ouvrant, Verrouillage centralisé à distance, Vitres électriques",Non,8,diesel,rx859bfba9m2_23,144999,Q5,WW au Maroc,,12/05/2025 13:37,Marrakech,Hay Al Bahja,avito,AUDI Q5 quatro,Automatique,2018
2702ebe2-b09c-4bc7-92b2-b23171bcc24b,fiat,Très bon,AUTOMOBILES TINGISShopBadge Icon,5,"ABS, Airbags, CD/MP3/Bluetooth, Climatisation, Limiteur de vitesse, Ordinateur de bord, Radar de recul, Verrouillage centralisé à distance, Vitres électriques",Non,5,diesel,k5u0zfb2os1u_24,124999,Doblo,WW au Maroc,87999,12/05/2025 10:41,Tanger,Centre,avito,FIAT DOBLO 1.3 DIESEL 5CV CAMIONETTE CLIMATISÉE,Manuelle,2018
a76ef093-4eba-484f-88e5-5c6178b69615,rolls-royce,Neuf,Mint Luxe AutoShopBadge Icon,3,,Oui,24,,vubm108qdv2z_3,2499,Wraith,Importée neuve,,12/05/2025 19:11,Marrakech,Guéliz,avito,Rolls Royce Spectre,Automatique,2025
d7a936a2-deaa-44e5-8e73-aba1cfded7d0,volkswagen,,AUTO 212,5,"Vehicule en parfait état 06/ 2018 compteur **** km, avec 8 airbags,jante alu 19, retro électriques et rabattables, xénon, toit panoramique .....avec 3 mois de garantie possible de crédit avec la banque",Non,12,diesel,gm67fwr60dd8_23,179000,Touareg,,,12/05/2025 00:00,Casablanca,Casablanca,moteur,VOLKSWAGEN  Touareg,Automatique,
e4546532-235e-4f13-9732-3c159ff96657,mercedes-benz,,HIVERNAGE AUTO,3,Véhicule neuf fraichement importé full options,Oui,8,diesel,1rl22vokcdz1_6,4000,Classe,,,12/05/2025 00:00,Casablanca,Casablanca,moteur,MERCEDES-BENZ  Classe c,Automatique,
a2f38f7d-b841-48f6-a4a3-4ba568ca1143,mercedes-benz,,EL ASRI AUTO,5,Mercedes benz classe glc 300 pak amg modèle 2022 dédouanée à 2025 diesel hybride tout options pak la voiture est toujours disponible à garage el asri auto sefrou,Oui,9,diesel,5fl9si94ph3s_2,139000,Classe,,,12/05/2025 00:00,Fes,Fes,moteur,MERCEDES-BENZ  Classe glc,Automatique,
e7b69dc8-7ef9-4101-8c23-ecd3e756e1e6,mercedes-benz,,AUTO HICHAM ERRAHMANI,5,"Bonjour je mets en vente ma voiture mercedes-benz cla , modèle 01-2021 , 8 cv . diesel .1 main, automatique. pour plus d'informations n'hésitez pas de me contacter . merci",Oui,8,diesel,crkrmj1zowjy_8,94000,Classe,,,12/05/2025 00:00,Marrakech,Marrakech,moteur,MERCEDES-BENZ  Classe cla,Automatique,
98625ea5-2347-4d5b-b220-24a53adc16e9,volkswagen,Excellent,hafid,5,,Oui,8,diesel,3ypxsfqhd73d_21,42499,Tiguan,Importée neuve,660000,12/05/2025 13:37,Mdiq,Toute la ville,avito,Volkswagen Tiguan R-Line(Importée Neuve) 2024,Automatique,2024
272bfe1f-5076-46ad-bbf7-e4ac0ddbca90,jaguar,,AUTO 212,5,"Vehicule en parfait état 02/ 2018 au compteur **** km, avec 8 airbags, jante alu 18, gps, toit panoramique, xénon, camera de recul, radar de stationnement av et ar, siège électrique, volant multi fonction......avec 3 mois de garantie possible de crédit avec la banque",Non,8,diesel,9n9eisg3gd7j_25,119000,F-pace,,,12/05/2025 00:00,Casablanca,Casablanca,moteur,JAGUAR  F-pace,Automatique,
b0fd793b-1b36-4bbf-b3ba-a370d17fef5f,jeep,,NADO.MA,5,"Ce jeep compass longitude d'occasion, d’origine ww au maroc modèle 2020, est une excellente opportunité première main à saisir. arborant une élégante finition de couleur argent, ce suv et 4x4 affiche 52 000 km au compteur. il est équipé d'une boîte de vitesses automatique et d'une puissance fiscale de 08 cv. ce véhicule 5 portes est certifié par nado, disponible à casablanca-jnane californie, il est proposé au prix de **** dh. pour plus de détails consultez notre site web nado ma",Oui,8,diesel,ltt3f7lj8ekt_10,54000,Compass,,240000,12/05/2025 00:00,Casablanca,Casablanca,moteur,JEEP  Compass,Automatique,
73c44b4d-4848-416e-85fc-aa22c5449fc3,jeep,Excellent,NADO ma,5,"ABS, Airbags, CD/MP3/Bluetooth, Caméra de recul, Climatisation, ESP, Jantes aluminium, Limiteur de vitesse, Ordinateur de bord, Radar de recul, Régulateur de vitesse, Sièges cuir, Système de navigation/GPS, Verrouillage centralisé à distance, Vitres électriques",Oui,8,diesel,mnauhcuxrk4z_1,52499,Compass,WW au Maroc,240000,12/05/2025 19:11,Casablanca,Californie,avito,Jeep Compass Diesel Automatique 2020 à Casablanca,Automatique,2020
28728eca-eac3-44f2-b22f-3a98f9314390,dacia,,AUTO ABDERRAHIM,5,Dacia duster modèle 2020 tomobil jdida baqa kamla sbara original kelomitrage original tout options,Non,6,diesel,t7sma63ml3zu_29,99000,Duster,,168000,12/05/2025 00:00,Marrakech,Marrakech,moteur,DACIA  Duster,Manuelle,
2072b9f5-3044-4946-a0c1-c7838727e100,ford,,OTOCLIC,5,"Otoclic, meilleure adresse d’achat et vente des voitures et des véhicules d’occasion vous propose une voiture de première main en excellent état, mise en circulation en 2023, bien entretenue, affiche un faible kilométrage réel et dispose de la majorité des options de sa gamme. l'acheteur peut visiter et vérifier la voiture dans notre showroom otoclic en toute transparence et toute confiance. les service otoclic sont rachat de votre ancienne voiture d’occasion avec un bon prix, vente de voiture d’occasion avec le juste prix du marché, dépôt de vente, plusieurs solutions de financement de votre voiture, jusqu’à 6 mois de garantie, satisfait ou remboursé, plusieurs formules d'assurance, prise en charge des démarches administratives, service après-vente, reprise en moins de 2 heures, otoclic achetez et vendez votre voiture en toute confiance.",Oui,6,diesel,ya7x18l3d4k1_22,49000,Kuga,,326000,12/05/2025 00:00,Casablanca,Casablanca,moteur,FORD  Kuga,Automatique,
b9bec7aa-6a39-4f5e-b4d9-3a7c7a7ac835,mercedes-benz,,FAJRINE AUTO,5,Mercedes c 220 d en très bon état tt option . pour plus d’info contactez nous,Oui,8,diesel,yr6gak1aodvm_25,19000,Classe,,,12/05/2025 00:00,Casablanca,Casablanca,moteur,MERCEDES-BENZ  Classe c,Automatique,
e6c66a2a-a758-46f5-a4b5-e84b6d7182c9,kia,Excellent,Espace auto maamouraShopBadge Icon,5,"ABS, Airbags, CD/MP3/Bluetooth, Caméra de recul, Climatisation, ESP, Jantes aluminium, Limiteur de vitesse, Ordinateur de bord, Radar de recul, Régulateur de vitesse, Système de navigation/GPS, Verrouillage centralisé à distance, Vitres électriques",Non,6,diesel,ghmm6y29f4b9_8,57499,Seltos,WW au Maroc,,12/05/2025 13:36,Rabat,Autre secteur,avito,KIA Seltos 1.5 CRDi 115 BVA Motion plus,Automatique,
2eadc9d0-aa96-4f6b-a42a-8214e3c76afa,n/a,,Occaz-ProShopBadge Icon,,,,,diesel,h9r2soynzm64_1,,,,178000,26/05/2025 21:50,Unknown,,avito,Opel Grandland Diesel Manuelle 2019 à Casablanca,Manuelle,2019
d15da39c-5dc8-4c4c-b41f-c32ed5be8897,toyota,Excellent,Cafè Prestigia,5,"ABS, Airbags, CD/MP3/Bluetooth, Caméra de recul, Climatisation, ESP, Jantes aluminium, Ordinateur de bord, Radar de recul, Régulateur de vitesse, Sièges cuir, Système de navigation/GPS, Toit ouvrant, Verrouillage centralisé à distance, Vitres électriques",Non,11,diesel,ckuq8xgixkfz_30,274999,Prado,WW au Maroc,95000,12/05/2025 13:22,Dakhla,Al Kassam,avito,Toyota prado vx automatique,Automatique,2008
28ad9d96-6f2b-4a99-a22b-2f3f8ce3fcf5,mercedes-benz,,AUTO GHALI,5,"Auto lghali met en vente une mercedes benz classe glc300de amg 0 km importer neuve full options . pack amg line plus distronique , sièges sports mémoires chauffants refroidisseurs , toit ouvrant panoramique , camera 360 , hed up display , attache remorque , keyless go , mal électrique .... pour plus de renseignements merci de nous contacter par téléphone .",Oui,11,hybride,e8z9kyjogfgg_9,4000,Classe,,,26/05/2025 00:00,Casablanca,Casablanca,moteur,MERCEDES-BENZ  Classe glc,Automatique,
c44df458-664e-4726-a3a1-da566e606a37,audi,Très bon,auto rifShopBadge Icon,5,"ABS, Airbags, CD/MP3/Bluetooth, Climatisation, ESP, Jantes aluminium, Limiteur de vitesse, Ordinateur de bord, Radar de recul, Régulateur de vitesse, Sièges cuir, Système de navigation/GPS, Toit ouvrant, Verrouillage centralisé à distance, Vitres électriques",Non,9,essence,21tbuy4tjx32_25,104999,A3,Dédouanée,295000,12/05/2025 11:37,Tanger,Drissia,avito,Audi A3 Sline Essence 2019 Pack S3,Automatique,2019
93ccef71-0d2e-402e-83fc-fe3c1bf097d7,land-rover,,AUTO HAMZA,5,سلام عليكم ورحمة الله وبركاته سيارة للبيع للمزيد من المعلومات المرجو الاتصال بنا او زيارة محلناو وشكرا,Non,8,diesel,peuhoims4npj_13,159000,Range,,,12/05/2025 00:00,Marrakech,Marrakech,moteur,LAND-ROVER  Range rover velar,Automatique,
26669f31-3ac1-4a58-a198-b9a1864d737c,land rover,,Mehdi,,Jantes aluminium,,8,diesel,8jtf9ukvkdth_14,184999,Range Rover Evoque,,,12/05/2025 12:27,Settat,Toute la ville,avito,range rover 2015 km 180.000,Automatique,2015
a615d7d5-8cda-41b4-97ac-f05c4f092208,mercedes-benz,Excellent,voiture a vendre occasion,5,"ABS, Airbags, CD/MP3/Bluetooth, Caméra de recul, Climatisation, ESP, Jantes aluminium, Limiteur de vitesse, Ordinateur de bord, Radar de recul, Régulateur de vitesse, Sièges cuir, Système de navigation/GPS, Toit ouvrant, Verrouillage centralisé à distance, Vitres électriques",Non,9,diesel,ba2lup2zafrd_12,114999,Classe GLC,Importée neuve,455000,12/05/2025 12:27,Casablanca,Californie,avito,Mercedes glc220 coupe importe neuf,Automatique,2017
c5176bf9-b8fe-4a5f-84ff-08b1cc3962be,seat,,AUTO ABDERRAHIM,5,Seat atica modèle 2019 diwana 2025 le mois avril automatique caméra 360 diesel tomobil jdida baqa kamla sbara original kelomitrage original tout options,Oui,6,diesel,e1lcd3ohbq6l_27,139000,Ateca,,268000,12/05/2025 00:00,Marrakech,Marrakech,moteur,SEAT  Ateca,Automatique,
128c01e2-0c1e-4409-8b77-f5ac14ac2c10,opel,,YOUNES,5,"Caractéristiques principales : boîte automatique 6 rapports moteur essence 1.2 turbo – 100 chevaux android auto & apple carplay système multimédia à écran tactile 7 inch (version compatible dernière génération) interface ergonomique (bluetooth, usb, commandes au volant) volant sport multifonctions en cuir sièges sport avec surpiqûres rouges radar de recul climatisation automatique régulateur & eur de vitesse aide au démarrage en côte feux led avant/arrière jantes alliage 17 pouces start & stop couleur noire métallisée (actuellement en rupture de stock chez la maison) État : première main (neuf) véhicule quasi-neuf seulement 309 km au compteur prix fixe: 210 000 mad",Oui,6,diesel,2gg6raa42m34_28,320,Corsa,,210000,26/05/2025 00:00,Casablanca,Casablanca,moteur,OPEL  Corsa Gs line,Manuelle,
ae675294-2731-4e0f-a2e7-6dd753c191e4,mercedes-benz,,NADO.MA,5,Mercedes gla 200 d distinctive **** km état neuf 1ér main le véhicule a été évalué et expertisé totalement et ne fait objet d’aucun accident ou opposition il n’y a aucun coût pour l’acheteur veuillez nous contacter pour plus d’informations choisissez votre voiture maintenant ici sur la plateforme nado ma voir la voiture en video sur notre site www nado ma,Oui,8,diesel,m6bwwzabxs1h_5,24000,Classe,,495000,12/05/2025 00:00,Casablanca,Casablanca,moteur,MERCEDES-BENZ  Classe gla,Automatique,
d49217e4-2dc8-4d3b-939e-616ec3cdc785,land-rover,,RACHID,5,Range rover sport autobiographie importer neuf première main modèle 2017/9 très bon état toute option.,Oui,12,diesel,dmirnljnmv7r_5,118000,Range,,450000,12/05/2025 00:00,Bouskoura,Bouskoura,moteur,LAND-ROVER  Range rover Sport…,Automatique,
fa8482e1-cccd-4406-8354-423a6699c198,alfa-romeo,,,,,Non,,,n2l4hsoe1kf1_19,,Tonale,,379000,12/05/2025 00:00,Casablanca,Casablanca,moteur,ALFA-ROMEO  Tonale,,
fb08a35e-7ecf-4c5a-a42f-b8e1edd9e89b,dacia,Très bon,Automobiles chamalShopBadge Icon,5,"ABS, Airbags, CD/MP3/Bluetooth, Climatisation, ESP, Jantes aluminium, Sièges cuir, Système de navigation/GPS, Toit ouvrant, Verrouillage centralisé à distance, Vitres électriques",Oui,6,diesel,1s9opj77ysm3_12,274999,Dokker,WW au Maroc,98000,12/05/2025 11:30,Tanger,Jirrari,avito,داصيا دوكير,Manuelle,2013
406a2da1-77c3-404a-bb04-e404eadfc61b,bmw,Excellent,MohamedShopBadge Icon,5,"ABS, Airbags, CD/MP3/Bluetooth, Caméra de recul, Climatisation, ESP, Jantes aluminium, Limiteur de vitesse, Ordinateur de bord, Radar de recul, Régulateur de vitesse, Sièges cuir, Système de navigation/GPS, Verrouillage centralisé à distance, Vitres électriques",Oui,8,diesel,4q2f0h3c1twx_18,97499,X1,WW au Maroc,260000,12/05/2025 12:27,Tétouan,Wilaya,avito,BMW X1 BVA 2018,Automatique,2018
11fda383-f976-4b8d-8de2-e3d26f9a4229,mercedes-benz,,YASINE,5,Mercedes classe c 220 bien entretenue model 2023 ded fin 2024 a rabat 2900km veuillez me contactez pour plus d’info audi volkswagen ford hyundai toyota,Oui,8,diesel,063wbrtioo3d_21,4000,Classe,,,26/05/2025 00:00,Casablanca,Casablanca,moteur,MERCEDES-BENZ  Classe c,Automatique,
085cb095-48b7-40b9-a060-c638b15a5744,porsche,Neuf,SELECTIVE MOTORS CARSShopBadge Icon,,"ABS, Airbags, CD/MP3/Bluetooth, Caméra de recul, Climatisation, ESP, Jantes aluminium, Limiteur de vitesse, Ordinateur de bord, Radar de recul, Régulateur de vitesse, Sièges cuir, Système de navigation/GPS, Toit ouvrant, Verrouillage centralisé à distance, Vitres électriques",,27,essence,tj0xyoaj75za_2,2499,Carrera,Importée neuve,,12/05/2025 11:30,Casablanca,Anfa,avito,PORSCHE 911 CARRERA 4 GTS,Automatique,2025
f0a724f7-a934-4395-97d2-4048c1296ea8,volvo,Excellent,Mohammed Benamar,,"ABS, Airbags, CD/MP3/Bluetooth, Climatisation, ESP, Jantes aluminium, Limiteur de vitesse, Ordinateur de bord, Radar de recul, Régulateur de vitesse, Sièges cuir, Verrouillage centralisé à distance, Vitres électriques",Non,8,diesel,q5wjj45vuk41_21,224999,S60,WW au Maroc,153000,12/05/2025 12:27,Meknes,Autre secteur,avito,Volvo D3 S60,Automatique,2015
2e217a80-88e0-43b5-9aca-587ed4d80722,land-rover,,RT AUTO,5,Range rover sport full options avec faible km double toit panoramique siège électrique chauffant coffre électrique excellent état pour plus d’informations contactez nous,Non,12,diesel,xkoud1kdte1r_23,189000,Range,,,12/05/2025 00:00,Casablanca,Casablanca,moteur,LAND-ROVER  Range rover sport,Automatique,
e9153c0a-9ff4-4785-ab7c-da1ec1beafa8,seat,,AUTO AYMANE,5,Seat ateca diesel toute options boîte automatique climatisation automatique volant multifonction limiteur /régulateur 4vittres elc jantes aluminium twa ouvrant panoramique projecteurs gèzeno les laides avant et arrière rétroviseur rabattabel antibrouillard radar de recul avant et arrière overture et démarrage empreinte écran de bord gps caméra de recul 1ère main entretien maison,Oui,8,diesel,ucbkqrevg9ex_26,169000,Ateca,,,12/05/2025 00:00,Casablanca,Casablanca,moteur,SEAT  Ateca,Automatique,
28a7c507-e6ba-427e-aa05-fbcc3f243b17,volkswagen,Excellent,TSN,5,"ABS, Airbags, CD/MP3/Bluetooth, Climatisation, ESP, Jantes aluminium, Limiteur de vitesse, Ordinateur de bord, Radar de recul, Régulateur de vitesse, Verrouillage centralisé à distance, Vitres électriques",Oui,9,diesel,abbez5i15qxz_2,92499,Tiguan,WW au Maroc,295000,12/05/2025 11:41,Marrakech,Route d'Amezmiz,avito,Tiguan 2.0 TDI 4Motion Très bon état,Automatique,2018
94383dd9-7a19-4cb6-9f1b-926901acf703,peugeot,Excellent,Auto AymaneShopBadge Icon,5,"ABS, Airbags, CD/MP3/Bluetooth, Caméra de recul, Climatisation, ESP, Jantes aluminium, Limiteur de vitesse, Ordinateur de bord, Radar de recul, Régulateur de vitesse, Sièges cuir, Système de navigation/GPS, Verrouillage centralisé à distance, Vitres électriques",Oui,6,diesel,anbu8qlyebr6_35,62499,2008,WW au Maroc,,12/05/2025 12:27,Casablanca,Almaz,avito,Peugeot 2008 Diesel Automatique 2022,Automatique,2022
0014b5ca-f165-46fa-981f-95211fd37618,lexus,Excellent,MOURAD AUTOShopBadge Icon,5,"ABS, Airbags, CD/MP3/Bluetooth, Caméra de recul, Climatisation, ESP, Jantes aluminium, Limiteur de vitesse, Ordinateur de bord, Radar de recul, Régulateur de vitesse, Sièges cuir, Système de navigation/GPS, Toit ouvrant, Verrouillage centralisé à distance, Vitres électriques",Oui,14,hybride,6297u8zplhbb_2,67499,ES,WW au Maroc,,12/05/2025 13:37,Rabat,Aviation,avito,Lexus ES 300h Business Exécutive 2021 à Rabat,Automatique,2021
825c7764-dcaa-4a54-b51b-524d128f3107,audi,Excellent,auto ismailShopBadge Icon,5,"ABS, Airbags, CD/MP3/Bluetooth, Caméra de recul, Climatisation, ESP, Limiteur de vitesse, Ordinateur de bord, Radar de recul, Régulateur de vitesse, Sièges cuir, Système de navigation/GPS, Verrouillage centralisé à distance, Vitres électriques",Non,6,diesel,5o4cn0bnv49t_13,174999,A1,Importée neuve,,12/05/2025 13:38,Casablanca,Aïn Borja,avito,Audi A1 Diesel Automatique 2014 à Casablanca,Automatique,2014
b7f9fb73-6728-4d67-a1c7-9235b0bb1020,porsche,Neuf,Mr zakaria,5,"ABS, Airbags, CD/MP3/Bluetooth, Caméra de recul, Climatisation, ESP, Jantes aluminium, Limiteur de vitesse, Ordinateur de bord, Radar de recul, Régulateur de vitesse, Sièges cuir, Système de navigation/GPS, Toit ouvrant, Verrouillage centralisé à distance, Vitres électriques",Oui,16,essence,i6s5kuwneu5e_20,97499,Cayenne,Importée neuve,655000,12/05/2025 11:37,Rabat,Hay Riad,avito,Porsche Cayenne S importer neuf,Automatique,2019
cf2dc04c-d595-42f2-ad13-9d337b458957,fiat,,LION CAR,5,Bonjour je mets en vente fiat 500l diesel 2015 tt option automatique toit panoramique junte aluminium voiture économique 6chv 100000klm en excellent état pour plus d'informations merci de nous contacter,Non,6,diesel,wi29txhttlgi_16,109000,500l,,119000,26/05/2025 00:00,Casablanca,Casablanca,moteur,FIAT  500l,Automatique,
ed0303d3-c4cb-4fcc-900e-2548749fd328,volkswagen,Neuf,Youness ShopBadge Icon,5,"ABS, Airbags, CD/MP3/Bluetooth, Caméra de recul, Climatisation, ESP, Jantes aluminium, Limiteur de vitesse, Ordinateur de bord, Radar de recul, Régulateur de vitesse, Système de navigation/GPS, Verrouillage centralisé à distance, Vitres électriques",Oui,8,diesel,vgerehf8tq5a_24,144999,Passat,WW au Maroc,,12/05/2025 12:16,Casablanca,Aïn Chock,avito,Volkswagen Passat CC Diesel Manuelle 2018 à Safi,Manuelle,2018
1b26bbc3-4035-4476-9fc0-e754b8d63963,fiat,Neuf,auto maamouraShopBadge Icon,5,,Oui,7,essence,mmmcehrpr4q6_11,2499,500,WW au Maroc,156000,12/05/2025 12:16,Rabat,Autre secteur,avito,Fiat 500 Essence Automatique 2024 à Rabat,Automatique,2024
82170625-4ffc-4609-bb0e-684d16b5d0c5,audi,Excellent,Auto 212ShopBadge Icon,5,"ABS, Airbags, CD/MP3/Bluetooth, Caméra de recul, Climatisation, ESP, Jantes aluminium, Limiteur de vitesse, Ordinateur de bord, Radar de recul, Régulateur de vitesse, Sièges cuir, Système de navigation/GPS, Toit ouvrant, Verrouillage centralisé à distance, Vitres électriques",Oui,12,diesel,lg2doezz9043_7,104999,Q7,WW au Maroc,,12/05/2025 13:01,Casablanca,Maarif,avito,Audi Q7 Diesel Automatique 2021 à Casablanca,Automatique,2021
e1f0e6ea-5706-487d-a3ff-f3c4a0852b8a,land-rover,,AUTO EMERAUDE,5,Véhicule en très bon état pour plus d'info contacter nous,Oui,12,diesel,nimeoakpvin3_8,49000,Range,,,12/05/2025 00:00,Casablanca,Casablanca,moteur,LAND-ROVER  Range rover sport,Automatique,
f81c8fec-26f5-4b2b-83dd-3b9672c8601d,audi,,AUTO EMERAUDE,5,Véhicule en excellent état pour plus d’info contactez nous,Oui,8,diesel,m37pf2foy848_26,129000,A3,,,26/05/2025 00:00,Casablanca,Casablanca,moteur,AUDI  A3,Automatique,
f132b7c0-6ad0-44ea-823b-eeb39148f3d2,mercedes-benz,,SHAHEEN AUTO,5,"Mercedes-benz classe a200 en très bon état 23000km avec 10 airbags, siège cuir , jante aluminium, caméra de recul, radar stationnement, volant multifonctions, régulateur de vitesse, climatisation automatique, bluetooth, ordinateur de bord",Oui,8,diesel,fao1vp53hdco_8,24000,Classe,,,12/05/2025 00:00,Casablanca,Casablanca,moteur,MERCEDES-BENZ  Classe a,Automatique,
65708f1d-f2a7-437b-8458-7e9e8ce659a2,bmw,Excellent,Auto Youssef ShopBadge Icon,5,"ABS, Airbags, CD/MP3/Bluetooth, Caméra de recul, Climatisation, ESP, Jantes aluminium, Limiteur de vitesse, Ordinateur de bord, Radar de recul, Régulateur de vitesse, Sièges cuir, Système de navigation/GPS, Toit ouvrant, Verrouillage centralisé à distance, Vitres électriques",Oui,8,diesel,jf18dx2sjjxf_10,72499,Série 1,Dédouanée,,12/05/2025 12:27,Marrakech,Autre secteur,avito,BMW Série 1 pack M Diesel Automatique 2021,Automatique,2021
6f4278de-437e-4ca9-91c2-11ab7c989c7b,peugeot,Neuf,Auto SALA EL JADIDAShopBadge Icon,5,"ABS, Airbags, CD/MP3/Bluetooth, Climatisation, ESP, Jantes aluminium, Limiteur de vitesse, Ordinateur de bord, Radar de recul, Régulateur de vitesse, Système de navigation/GPS, Verrouillage centralisé à distance, Vitres électriques",Oui,8,diesel,xm5p1ophi7g1_17,97499,3008,WW au Maroc,,12/05/2025 12:27,Rabat,Agdal,avito,Peugeot 3008 Diesel Automatique 2022 à Rabat,Automatique,
de400b22-afc4-457d-9beb-c8c87a286139,volvo,,SADQI HAITAM,,"Je met en vent volvo xc90 modèle 2017. inscription tt options premiere main 140000 km, entretien chez maison volvo pour plus d info contact nous **** whatsapp",Oui,8,diesel,ygnqher3koys_2,140000,Xc90,,335000,12/05/2025 00:00,Tanger,Tanger,moteur,VOLVO  Xc90 Xc90…,Automatique,
586a0a99-ae55-4f28-a008-d0309b9ed459,bentley,,AUTO GHALI,5,"Bentley bentayga 2025 hybride 0 km importé neuf toutes options pour plus de renseignements merci de nous contacter par téléphone , ou visitez notre showroom : bd taza mlly abdallah .rue 82 . n°63/65 , casablanca",Oui,41,essence,cu0b5biuenbb_17,4000,Bentayga,,,12/05/2025 00:00,Casablanca,Casablanca,moteur,BENTLEY  Bentayga,Automatique,
3c4fd993-f7d2-4b45-b6ac-85ceb1825aa0,jeep,,SELECT GARANTIE,5,Jeep wrangler version sahara en excellent État bien entretenu pneus neufs contacter select garantie.,Oui,11,diesel,ygwg4judwsos_3,94000,Wrangler,,,12/05/2025 00:00,Marrakech,Marrakech,moteur,JEEP  Wrangler,Automatique,
88a38bb5-64b6-4724-bd94-beb3e0961dc9,mini,,BMW PREMIUM SELECTION,3,Possibilité de reprise.,Oui,9,essence,jcda8ar4tom5_30,59000,Cooper,,172000,26/05/2025 00:00,Casablanca,Casablanca,moteur,MINI  Cooper,Manuelle,
7eca8a98-d804-44d5-a570-433dced1c52f,kia,,COMPLEX AUTO,5,"<svg class=''av-icon'' height=''19'' width=''19'' viewbox='' **** '' xmlns=''---'' aria-labelledby=''phonetitleid'' style=''fill: rgb(41, 161, 96); stroke: rgb(41, 161, 96); stroke-width: 0;''></svg>\\nkia picanto , 1ére main , modéle 2021, boite manuelle , climatisation , radar de recul , ecran tactile , commande au volant , vitre éléctriques ...\\nvéhicule en parfait état, entièrement révisé et contrôlé par nos techniciens.\\npour plus de renseignement appelez téléphone fixe (voir description boutique complexe auto) .",Oui,6,essence,funuuyddr6j9_6,54000,Picanto,,,26/05/2025 00:00,Casablanca,Casablanca,moteur,KIA  Picanto,Manuelle,
1aa334ee-8bea-4b1a-89cd-d6f8b53608e9,mercedes-benz,,SELECTIVE MOTORS CARS,5,Très belle a 35 amg dans in exellent État. 5 caméras. tout panoramique. distronic. détecteur angle mort . key less go. jantes noir. pack nuit. sièges baquets. Édition 1,Oui,11,essence,d7zpab5zen1e_27,69000,Classe,,485000,12/05/2025 00:00,Casablanca,Casablanca,moteur,MERCEDES-BENZ  Classe a,Automatique,
bb90ad68-092b-4913-a78a-0abefc166473,fiat,Excellent,K & H ShopBadge Icon,3,,Oui,7,essence,jbfdl4h5kb1s_31,62499,500,WW au Maroc,,12/05/2025 11:37,Casablanca,2 Mars,avito,Fiat 500,Automatique,2022
a0128977-2770-4de2-aadb-d7ba9ab1016e,seat,Excellent,mogh,5,,Oui,6,diesel,hpqdwlb2ilkm_31,124999,Ateca,Dédouanée,,12/05/2025 13:35,Agadir,Amicales,avito,Seat Ateca Diesel Automatique 2019 à Agadir,Automatique,2019
34f43644-f22f-4b2f-9605-c1caebb7bf1c,renault,,VOITURES TILILAShopBadge Icon,,,,7,diesel,wv9wcn4g2x30_5,194999,Kangoo,,59000,12/05/2025 11:41,Agadir,Tilila,avito,رونو كونكو دي 65 2005,Manuelle,2005
e55be309-e9c6-4887-8e3c-0d6251d662eb,fiat,,BMW PREMIUM SELECTION,3,"Possibilité de reprendre une bmw ou mini, w-maroc.",Oui,7,essence,jmekd3y56pr7_4,54000,500,,135000,26/05/2025 00:00,Casablanca,Casablanca,moteur,FIAT  500,Automatique,
9e8be5af-18db-4e55-a6ea-b8e01d67e92b,hyundai,Excellent,Chaabi AutoShopBadge Icon,5,"Airbags, Caméra de recul, Climatisation, Jantes aluminium, Limiteur de vitesse, Radar de recul, Régulateur de vitesse, Système de navigation/GPS, Toit ouvrant, Verrouillage centralisé à distance, Vitres électriques",Oui,6,diesel,4uiblnindk7u_12,62499,i20,WW au Maroc,,12/05/2025 12:16,Rabat,Hay el Fath,avito,hyundai i 20,Manuelle,2021
3a70513e-2853-41f0-9a98-f79d12f20619,alfa-romeo,,,,,Non,,,qhn9atkxhqmv_17,,Tonale,,306000,12/05/2025 00:00,Casablanca,Casablanca,moteur,ALFA-ROMEO  Tonale,,
0a825c55-25d7-4ebd-a271-55573abb9677,audi,Excellent,SupercarsShopBadge Icon,5,"ABS, Airbags, CD/MP3/Bluetooth, Caméra de recul, Climatisation, ESP, Jantes aluminium, Limiteur de vitesse, Ordinateur de bord, Radar de recul, Régulateur de vitesse, Sièges cuir, Système de navigation/GPS, Toit ouvrant, Verrouillage centralisé à distance, Vitres électriques",Oui,8,diesel,v043rh3og6je_3,42499,A3,WW au Maroc,395000,12/05/2025 13:36,Casablanca,2 Mars,avito,Audi A3 Diesel Automatique 2023 à Casablanca,Automatique,
85a4b7f3-3af3-452a-9e15-75f37acabdcc,land-rover,,AUTO EMERAUDE,5,Emeraude auto met en vente une range rover vogue diesel ww maroc full options . pour plus d'information merci de nous contacter .,Oui,12,diesel,a8co913kanul_8,109000,Range,,,12/05/2025 00:00,Casablanca,Casablanca,moteur,LAND-ROVER  Range rover vogue,Automatique,
8268976a-8dd7-4f66-9202-9ee35fdbd833,mercedes-benz,Excellent,GTS autoShopBadge Icon,5,"ABS, Airbags, CD/MP3/Bluetooth, Caméra de recul, Climatisation, ESP, Jantes aluminium, Limiteur de vitesse, Ordinateur de bord, Radar de recul, Régulateur de vitesse, Sièges cuir, Système de navigation/GPS, Toit ouvrant, Verrouillage centralisé à distance, Vitres électriques",Oui,9,diesel,gk65crjtn177_16,134999,Classe C,Dédouanée,,12/05/2025 11:37,Casablanca,Californie,avito,Mercedes-Benz Classe C Diesel Automatique 2019,Automatique,2019
6a7dcfb4-06a7-4be4-9217-e141d77798bc,volkswagen,Excellent,HAMZA ShopBadge Icon,5,"ABS, Airbags, CD/MP3/Bluetooth, Caméra de recul, Climatisation, ESP, Jantes aluminium, Limiteur de vitesse, Ordinateur de bord, Radar de recul, Régulateur de vitesse, Sièges cuir, Système de navigation/GPS, Toit ouvrant, Verrouillage centralisé à distance, Vitres électriques",Oui,8,diesel,jj9tyf7m58fq_7,92499,Tiguan,Dédouanée,,12/05/2025 13:05,Beni Mellal,Toute la ville,avito,Volkswagen Tiguan R-line 4 motion 2019ded 2024,Automatique,2019
6600ae44-58d5-41f2-b5ae-72bd26c2ed68,audi,Excellent,🚘🛻🏎️📲ShopBadge Icon,5,"ABS, Airbags, CD/MP3/Bluetooth, Caméra de recul, Climatisation, ESP, Jantes aluminium, Limiteur de vitesse, Ordinateur de bord, Radar de recul, Régulateur de vitesse, Sièges cuir, Système de navigation/GPS, Toit ouvrant, Verrouillage centralisé à distance, Vitres électriques",Oui,8,diesel,i3k06tywgkxp_10,97499,Q5,Dédouanée,,12/05/2025 12:16,Oujda,Hay El Qods,avito,Audi Q5 S-Line Diesel Automatique 2019,Automatique,2019
6fd4c7e5-c15d-4c88-83ec-513722cbfba1,bmw,,LAACHIRI AUTO,5,"Propre bmw serie 5 diesel 520d 2.0d avec190ch version sport line, modèle 2018, avec 99.000km certifié. vignette 1500dhs. boite automatique avec conduite sport. palettes au volant. clé inteligente avec manipulation du véhicule à distance. démarrage start and stop. Éco-drive (arrêt automatique). auto hold. parctronic 360 avant et arrière. camera de recule. climatisation digitale bizone. siège sport cuir électrique avc fonction lambaire. coffre électrique. compteur degital.. stores latéraux. store arrière électrique. lumières d ambiance intérieur. volant multifonctions avec commande vocale.  grand Écran de navigation. 4 modes de conduites. jante aluminium bi-color 19. rétroviseurs électriques rabatable. poignée de porte avec lumière d ambiance. bixenon directionnel inteligent light system. led du jour avant et arrière. la voiture est très propre avec suivi a jour,   ni aucun frais à prévoir. la voiture est disponible au showroom laachiri auto",Oui,8,diesel,rxyiwm0ozx0m_18,99000,Serie,,345000,12/05/2025 00:00,Tanger,Tanger,moteur,BMW  Serie 5,Automatique,
58764aa9-e371-4940-a547-1b0ff5a7feda,mercedes-benz,,MINT LUXE AUTO,3,A vendre mercedes g63 amg importée neuve en fin 2021 90.0000km pour plus d’informations contactez nous,Oui,23,essence,3qfszm4as9y0_23,94000,Classe,,,12/05/2025 00:00,Marrakech,Marrakech,moteur,MERCEDES-BENZ  Classe g,Automatique,
6bb134c0-500d-432a-849b-c7aa1910282f,bentley,,LUXURY MOTORS AUTOMOTIVE,5,"Moteur : v6 hybride extérieur : vert mulliner intérieur : camel État : 2024 0 km - jantes 22 pouces - spécification de style bentayga en fibre de carbone - spécification bentayga blackline - Étriers peints en noir - fascia, console centrale et ceintures de porte en fibre de carbone - Échappement sport noir avec son sport hybride - toit ouvrant panoramique - Éclairage diamant bentley - lumières de courtoisie des portes bentley - caméra 360º avec vue 3d - vision nocturne - verre de confidentialité - suspension pneumatique adaptative - chargeur de batterie - spécifications de tournée - assistance latérale - régulateur de vitesse adaptatif - système de son surround bang&olufsen - contrôle climatique à 4 zones - fermeture soft - affichage tête haute - coutures contrastées et passepoil de siège - emblèmes bentley - contraste - sièges confort - sièges ventilés et chauffants - intérieur en carbone - volant chauffant bicolore à 3 branches - ciel de pavillon en alcantara - sièges avant/arrière ventilés et chauffants - divertissement pour siège arrière bentley plus ecran tactile - clé de voiturier - sac à roulettes - tapis en laine d'agneau de mulliner - avant et arrière",Oui,14,hybride,lpfpkdqvi0u8_17,4000,Bentayga,,,12/05/2025 00:00,Tanger,Tanger,moteur,BENTLEY  Bentayga,Automatique,
d4f115a1-de93-45bb-9ce1-377b380939f9,bmw,Excellent,Marouane Auto ShopBadge Icon,5,"ABS, Airbags, CD/MP3/Bluetooth, Caméra de recul, Climatisation, ESP, Jantes aluminium, Limiteur de vitesse, Ordinateur de bord, Radar de recul, Régulateur de vitesse, Sièges cuir, Système de navigation/GPS, Verrouillage centralisé à distance, Vitres électriques",Non,6,diesel,3z74c9nx3ng5_28,134999,Série 1,WW au Maroc,,12/05/2025 12:16,Casablanca,Belvédère,avito,Bmw série 114 pack sport,Manuelle,2016
80f293a0-e308-4617-bf63-d77723b172a7,bentley,,LUXURY MOTORS AUTOMOTIVE,5,"Moteur : v6 hybride extérieur : vert mulliner intérieur : camel État : 2024 0 km - jantes 22 pouces - spécification de style bentayga en fibre de carbone - spécification bentayga blackline - Étriers peints en noir - fascia, console centrale et ceintures de porte en fibre de carbone - Échappement sport noir avec son sport hybride - toit ouvrant panoramique - Éclairage diamant bentley - lumières de courtoisie des portes bentley - caméra 360º avec vue 3d - vision nocturne - verre de confidentialité - suspension pneumatique adaptative - chargeur de batterie - spécifications de tournée - assistance latérale - régulateur de vitesse adaptatif - système de son surround bang&olufsen - contrôle climatique à 4 zones - fermeture soft - affichage tête haute - coutures contrastées et passepoil de siège - emblèmes bentley - contraste - sièges confort avec fonction massage - sièges ventilés et chauffants - intérieur en carbone - volant chauffant bicolore à 3 branches - ciel de pavillon en alcantara - sièges avant/arrière ventilés et chauffants - divertissement pour siège arrière bentley plus ecran tactile - clé de voiturier - sac à roulettes - tapis en laine d'agneau de mulliner - avant et arrière",Oui,14,hybride,sqsqtbaz1gud_18,4000,Bentayga,,,12/05/2025 00:00,Tanger,Tanger,moteur,BENTLEY  Bentayga,Automatique,
e9416f1a-5d88-452c-8ed2-92e621ad6222,volkswagen,Très bon,Samir,5,"Airbags, CD/MP3/Bluetooth, Climatisation, Jantes aluminium, Radar de recul, Sièges cuir, Verrouillage centralisé à distance, Vitres électriques",Oui,6,diesel,rp8j35t1ckbd_15,224999,Polo,WW au Maroc,71000,12/05/2025 12:27,Casablanca,Sbata,avito,Volkswagen Polo Diesel Manuelle 2006 à Casablanca,Manuelle,2006
5ed2bb3a-8996-4ed2-83ea-48d96f269b3a,audi,,AUTO SALA EL JADIDA,5,Auto sala el jadida mets en vente une nouvelle audi q3 sportback sline 35 tdi 150ch stronic sline modèle : août 2024 peinture originale 1er main km certifié,Oui,8,diesel,nfk0lxg6fng8_4,9000,Q3,,,12/05/2025 00:00,Rabat,Rabat,moteur,AUDI  Q3,Automatique,
43841e10-d1c7-4a8c-b1b2-4fd25742be32,fiat,,AUTO 212,3,"Ne manquez pas cette occasion unique ⤵️ vehicule en parfait état 10/ 2020 au compteur 57 362 km , avec 6 airbags , jante alu 17 , boite auto , antibrouillard , sono beats , car play , toit ouvrant , fermeture des porteel , clim auto ,siège sport , sortie clé usb , bluethooth..... avec 3 mois de garantie possible de crédit avec la banque",Non,8,essence,2xd91h54jifi_22,59000,500,,,12/05/2025 00:00,Casablanca,Casablanca,moteur,FIAT  500,Automatique,
bb1335fc-0c23-46ea-8c15-fd0b9b5ac14b,iveco,Très bon,G. Ryad AutoShopBadge Icon,3,"ABS, Airbags, CD/MP3/Bluetooth, Caméra de recul, Climatisation, ESP, Jantes aluminium, Limiteur de vitesse, Ordinateur de bord, Radar de recul, Régulateur de vitesse, Sièges cuir, Système de navigation/GPS, Toit ouvrant, Verrouillage centralisé à distance, Vitres électriques",Oui,10,diesel,k2lzbofec6wm_25,57499,Daily,WW au Maroc,,12/05/2025 19:11,Tétouan,Safir,avito,Iveco Bache,Manuelle,2019
7c67a904-0c16-4a29-b0da-8d57011fc3f6,toyota,,STELLANTIS &YOU CASABLANCA,5,Toyota c-hr distinctive garantie 12 mois / 50.000 km date de mise en circulation : juin 2019 kilometrage : 53.000km le véhicule a été vérifié dans nos ateliers et soumis à un contrôle rigoureux possibilité de reprise de votre véhicule et financement à crédit.,Oui,10,essence,o7zrfj1n9a95_27,54000,C-hr,,197000,12/05/2025 00:00,Casablanca,Casablanca,moteur,TOYOTA  C-hr,Automatique,
3c210f51-0834-42bb-b3b3-fb6634a36783,audi,Excellent,Auto RachidShopBadge Icon,5,"ABS, Airbags, CD/MP3/Bluetooth, Caméra de recul, Climatisation, ESP, Jantes aluminium, Limiteur de vitesse, Ordinateur de bord, Radar de recul, Régulateur de vitesse, Sièges cuir, Système de navigation/GPS, Toit ouvrant, Verrouillage centralisé à distance, Vitres électriques",Oui,8,diesel,we0x1p4e9r0f_13,164999,A4,WW au Maroc,,12/05/2025 10:41,Rabat,Massira,avito,AUDI A4 2018,Automatique,2018
13155e90-27b3-4ee1-8755-f4065e676183,jeep,,VOITURES PARTICULIERS CERTIFIéES,5,"•avito / moteur.ma vous proposer : •jeep - compass - diesel 31200 km - année 2023en vente. •véhicule en excellent état •la voiture a été expertisée suivant plus de 50 points de contrôles. •le rapport d’expertise détaillé est disponible sur demande, garantissant la qualité et la fiabilité du véhicule. •le financement est disponible auprès de wafasalaf veuillez nous contacter pour plus d'informations ou pour voir le véhicule.",Oui,8,hybride,62zb3fj99gbv_8,34000,Compass,,300000,12/05/2025 00:00,Casablanca,Casablanca,moteur,JEEP  Compass,Automatique,
d70c390d-1b1e-4953-a167-97a2e35140c2,volkswagen,Excellent,mustapha,,"ABS, Airbags, Climatisation, Jantes aluminium, Limiteur de vitesse, Radar de recul, Régulateur de vitesse, Vitres électriques",Non,8,diesel,nov0kfehy83y_15,274999,Touran,Dédouanée,,12/05/2025 13:37,Casablanca,Ben M'sick,avito,voiture mliha,Automatique,2010
2c41cb90-e59f-4928-967c-916e393e0d77,renault,,AUTO HICHAM ERRAHMANI,5,"Bonjour je mets en vente ma voiture renault kadjar , modèle **** manuelle . diesel . 2-éme main , 6 cv. bon état . pour plus d'informations n'hésitez pas de nous contacter . merci .",Non,6,diesel,dvaaxp2g2mb5_3,139000,Kadjar,,,12/05/2025 00:00,Marrakech,Marrakech,moteur,RENAULT  Kadjar,Manuelle,
40c5672c-6af2-48d9-8a4b-eebe462a3715,dacia,Excellent,auto Abderrahim ShopBadge Icon,5,"ABS, Airbags, CD/MP3/Bluetooth, Caméra de recul, Climatisation, ESP, Jantes aluminium, Limiteur de vitesse, Ordinateur de bord, Radar de recul, Régulateur de vitesse, Sièges cuir, Système de navigation/GPS, Toit ouvrant, Verrouillage centralisé à distance, Vitres électriques",Non,6,diesel,mthtww9tpe6m_2,97499,Duster,WW au Maroc,168000,12/05/2025 19:11,Marrakech,Massira 3,avito,dacia duster 2020 diesel,Manuelle,2020
86ea509a-3b2b-4311-9644-09762d9c4fc5,renault,Neuf,AHMEDShopBadge Icon,5,"Airbags, Climatisation, Système de navigation/GPS",Non,6,diesel,idblvo3xw3a4_3,32499,Express,WW au Maroc,145000,12/05/2025 12:16,Casablanca,2 Mars,avito,renault express darba 33000 km,Manuelle,2022
32e42bb0-1a90-403c-9731-ae8771337bdc,volkswagen,Excellent,NT MOTORS LUXURYShopBadge Icon,,"ABS, Airbags, CD/MP3/Bluetooth, Caméra de recul, Climatisation, ESP, Jantes aluminium, Limiteur de vitesse, Ordinateur de bord, Radar de recul, Régulateur de vitesse, Sièges cuir, Système de navigation/GPS, Toit ouvrant, Verrouillage centralisé à distance, Vitres électriques",,12,diesel,651fpufjyn0y_13,52499,Touareg,,,12/05/2025 12:16,Casablanca,Californie,avito,Volkswagen Touareg Diesel Automatique 2020,Automatique,2020
715931b4-7e64-4597-a2c1-238ec0244de5,honda,,GARAGE LAHCEN,5,Garage lahcen vous propose une magnifique honda civic berline 4 porte voiture avec un faible kilometrage en tres bon etat disposant de plusieurs options led feu dejour xenon bixenon volant cuir multifonctions limiteur et cruise control toit ouvrant camera de recul et camera retro droite siege cuir clim digital bizone retro auto pour plus d'infos visiter notre showroom au 6 bd zerktouni casablanca ou appeler mr hicham,Oui,11,essence,wuirlkod3snu_9,39000,Civic,,,12/05/2025 00:00,Casablanca,Casablanca,moteur,HONDA  Civic,Automatique,
f282f318-b6bf-4744-b9ec-8d3aa2e7fc22,bmw,,VOITURES PARTICULIERS CERTIFIéES,5,"•avito / moteur.ma vous proposer : •bmw - serie 5 sport line - diesel 111637 km - 1er main - année 2019 en vente. •véhicule en excellent état •la voiture a été expertisée suivant plus de 50 points de contrôles. •le rapport d’expertise détaillé est disponible sur demande, garantissant la qualité et la fiabilité du véhicule. •le financement est disponible auprès de wafasalaf veuillez nous contacter pour plus d'informations ou pour voir le véhicule.",Oui,8,diesel,lf01odoxgk1q_9,119000,Serie,,380000,12/05/2025 00:00,Casablanca,Casablanca,moteur,BMW  Serie 5,Automatique,
3a1ec280-7ec7-490d-b7c7-429f3c59ac0e,kia,,COMPLEX AUTO,5,"<svg class=''av-icon'' height=''19'' width=''19'' viewbox='' **** '' xmlns=''---'' aria-labelledby=''phonetitleid'' style=''fill: rgb(41, 161, 96); stroke: rgb(41, 161, 96); stroke-width: 0;''></svg>\\nkia picanto , 1ére main , modéle 2021, boite manuelle , climatisation , radar de recul , ecran tactile , commande au volant , vitre éléctriques ...\\nvéhicule en parfait état, entièrement révisé et contrôlé par nos techniciens.\\npour plus de renseignement appelez téléphone fixe (voir description boutique complexe auto) .",Oui,6,essence,oqztlpbnoq7p_6,54000,Picanto,,,26/05/2025 00:00,Casablanca,Casablanca,moteur,KIA  Picanto,Manuelle,
a4f2eb39-d4d0-4cf5-a5b3-0150f31d5195,mercedes-benz,Neuf,auto chaouiShopBadge Icon,,"ABS, Airbags, CD/MP3/Bluetooth, Caméra de recul, Climatisation, ESP, Jantes aluminium, Limiteur de vitesse, Ordinateur de bord, Radar de recul, Régulateur de vitesse, Sièges cuir, Système de navigation/GPS, Toit ouvrant, Verrouillage centralisé à distance, Vitres électriques",,12,diesel,d8cjzapudypu_1,224999,Classe CLS,Importée neuve,,12/05/2025 13:30,Rabat,Hay el Fath,avito,Mercedes-Benz Classe CLS Diesel Automatique 2011,Automatique,2011
d60b3126-2911-4708-b1ed-62755533d34f,volkswagen,,Rayane,,"ABS, Airbags, CD/MP3/Bluetooth, Climatisation, ESP, Jantes aluminium, Ordinateur de bord, Radar de recul, Régulateur de vitesse, Verrouillage centralisé à distance, Vitres électriques",,5,essence,3thd0l86op9r_26,72499,Polo,WW au Maroc,,12/05/2025 13:22,Rabat,Hassan,avito,Volkswagen polo essence 2021 74k km,Manuelle,2021
74e361e0-cb47-4858-9fbe-8c117126a7bd,bmw,,AUTO MICHA,5,Première main peinture d’origine si vous êtes intéressé contactez moi pour connaître le prix.,Oui,12,diesel,vxzx7j9dt4e7_30,109000,Serie,,,12/05/2025 00:00,Rabat,Rabat,moteur,BMW  Serie 7 30ld pack m,Automatique,
28adf4ef-e392-42d3-98c1-c66553f9035f,nissan,Neuf,Auto_simohamedShopBadge Icon,5,"ABS, Airbags, CD/MP3/Bluetooth, Caméra de recul, Climatisation, ESP, Jantes aluminium, Limiteur de vitesse, Ordinateur de bord, Radar de recul, Régulateur de vitesse, Sièges cuir, Système de navigation/GPS, Toit ouvrant, Verrouillage centralisé à distance, Vitres électriques",Oui,6,diesel,kntd7v9qncxs_11,194999,Qashqai,WW au Maroc,,12/05/2025 13:01,Meknes,Hamria,avito,Nissan Qashqai Diesel Automatique 2015 à Meknès,Automatique,2015
498d6162-c758-45d4-ba6a-7efddf9259de,mercedes-benz,,NADO.MA,5,Mercedes classe e 220 d dct business diesel 194 ch 8 cv **** km  pour plus de détails voir notre site nado ma,Oui,8,diesel,3aeewx3lxp03_15,99000,Classe,,285000,12/05/2025 00:00,Casablanca,Casablanca,moteur,MERCEDES-BENZ  Classe e,Automatique,
48b1216d-5e7b-431d-890f-fdb98c2ed5d1,toyota,,OTOCLIC,5,"Otoclic, meilleure adresse d’achat et vente des voitures et des véhicules d’occasion vous propose une voiture de première main en excellent état, mise en circulation en 2022, bien entretenue, affiche un faible kilométrage réel et dispose de la majorité des options de sa gamme. l'acheteur peut visiter et vérifier la voiture dans notre showroom otoclic en toute transparence et toute confiance. service otoclic : rachat de votre ancienne voiture d’occasion avec un bon prix vente de voiture d’occasion avec le juste prix du marché, dépôt de vente, plusieurs solutions de financement de votre voiture, jusqu’à 6 mois de garantie, satisfait ou remboursé, plusieurs formules d'assurance, prise en charge des démarches administratives, service après-vente, reprise en moins de 2 heures, otoclic achetez et vendez votre voiture en toute confiance.",Oui,10,hybride,tnnrx5g15kev_26,69000,Corolla,,239000,12/05/2025 00:00,Casablanca,Casablanca,moteur,TOYOTA  Corolla,Automatique,
dfcc10f4-500b-4a41-b0eb-df48f63c4f13,audi,Très bon,MrShopBadge Icon,5,"ABS, Airbags, CD/MP3/Bluetooth, Caméra de recul, Climatisation, ESP, Jantes aluminium, Limiteur de vitesse, Ordinateur de bord, Radar de recul, Régulateur de vitesse, Sièges cuir, Système de navigation/GPS, Toit ouvrant, Verrouillage centralisé à distance, Vitres électriques",Oui,12,diesel,zbga0h489t91_4,97499,Q8,WW au Maroc,,12/05/2025 13:25,Casablanca,Casablanca Finance City,avito,Audi q8 s-line plus 2021,Automatique,2021
26400dfc-c666-4981-8eb4-7b6b91c37924,honda,Très bon,Oussama,5,"Airbags, Climatisation, Jantes aluminium",Non,10,essence,avpq3chlrmtp_17,194999,Civic,WW au Maroc,80000,12/05/2025 13:05,Temara,Massira,avito,Honda civic,Manuelle,2010
0a6a69cd-22ee-43e1-904d-62b461a57ceb,jeep,,LAACHIRI AUTO,5,"Je met en vente une tres belle jeep renegade 2.0 multijet 140 dct limited 4x4 modèle 2018 . dernier entretien complet fait le 18/11/2024 (vidange complet, revision generale, diagnostic et mise-à-jour) .  boite automatique avec conduite sport. 4*4 avec 5 modes de conduites. compteur semi digital. keyless go empreinte(ouverture et fermeture sans clé).  retroviseurs électriques rabatable avec avertisseurs angle mort. démarrage start and stop. angle mort. distronic forward collision warning . line assist franchissement de ligne. climatisation bizone . adaptatif cruise contrÔle . camera de recule 180. 2 sièges électriques  avec fonction lambaire. Écran de navigation tactil .   jante aluminium   .  bixenon directionnel inteligent light system. barre de toit aluminium. code et fare automatique. la voiture est dans un état irréprochable ni aucun frais à prévoir. la voiture est disponible au showroom laachiri auto",Oui,8,diesel,yaygjsrrn7al_19,99000,Renegade,,,12/05/2025 00:00,Tanger,Tanger,moteur,JEEP  Renegade,Automatique,
80ad63b4-c456-430b-867a-a3f3fa7e80ba,volkswagen,,AUTO ABDERRAHIM,5,Volkswagen tiguan 2018 full options tomobil jdida baqa kamla sbara original kelomitrage original tout options محل لبيع وشراء السيارات المعلومات موجودة في الاعلان لي مهتم مرحبا,Oui,8,diesel,dkyl3bu0ol2f_28,179000,Tiguan,,228000,12/05/2025 00:00,Marrakech,Marrakech,moteur,VOLKSWAGEN  Tiguan,Automatique,
859d657f-9dae-412a-96bc-45a891feb65d,volkswagen,Très bon,AzizShopBadge Icon,5,"ABS, Airbags, CD/MP3/Bluetooth, Caméra de recul, Climatisation, ESP, Jantes aluminium, Limiteur de vitesse, Ordinateur de bord, Radar de recul, Régulateur de vitesse, Sièges cuir, Système de navigation/GPS, Verrouillage centralisé à distance, Vitres électriques",Oui,8,diesel,9nese6brqi7l_1,124999,Tiguan,WW au Maroc,205000,12/05/2025 12:16,Agadir,El Houda,avito,Tiguan2018,Automatique,2018
44079709-ee34-4647-a9ec-ba94ec18e716,audi,,AUTO GHALI,5,"Auto ghali met en vente une audi q8 s line importer neuve 0 km . s line int/ ext , double tableau ,distronique , attache remorque , camera 360 , mal electrique ... pour plus de renseignements merci de nous contacter par téléphone , ou visitez notre showroom",Non,12,diesel,w8585t1y1hp4_14,4000,Q8,,,12/05/2025 00:00,Casablanca,Casablanca,moteur,AUDI  Q8,Automatique,
00d57bab-60ae-4826-b93b-df4eaa8c61f7,ford,Excellent,hassan autoShopBadge Icon,5,"ABS, Airbags, CD/MP3/Bluetooth, Caméra de recul, Climatisation, ESP, Jantes aluminium, Limiteur de vitesse, Ordinateur de bord, Radar de recul, Régulateur de vitesse, Système de navigation/GPS, Toit ouvrant, Verrouillage centralisé à distance, Vitres électriques",Oui,6,diesel,v8j0yf0ahg0t_22,7499,Focus,WW au Maroc,300000,12/05/2025 13:05,Casablanca,Californie,avito,Ford focus st lain,Automatique,2024
93c1feab-80ed-4de2-a346-7ecb8817cecc,renault,Très bon,Bilal Nahayla,5,"ABS, Airbags, CD/MP3/Bluetooth, Caméra de recul, Climatisation, ESP, Jantes aluminium, Limiteur de vitesse, Ordinateur de bord, Radar de recul, Régulateur de vitesse, Système de navigation/GPS, Verrouillage centralisé à distance, Vitres électriques",Oui,6,diesel,zu4z3flyyp0a_15,32499,Clio,WW au Maroc,,12/05/2025 12:16,Temara,Massira 1,avito,clio 4 2021,Manuelle,2021
af373170-9e00-44ce-8efa-1b6cc031c0d8,land-rover,,AUTO EMERAUDE,5,Véhicule en excellent état pour plus d'info contactez nous,Oui,12,diesel,9obvqymmhke3_19,84000,Range,,,12/05/2025 00:00,Casablanca,Casablanca,moteur,LAND-ROVER  Range rover sport,Automatique,
5759c4c0-ec13-45ec-baf4-ad524073640e,land-rover,,BMW PREMIUM SELECTION,5,Possibilité de reprise.,Oui,8,diesel,qma9ib5sg5ki_2,99000,Discovery,,345000,26/05/2025 00:00,Casablanca,Casablanca,moteur,LAND-ROVER  Discovery,Automatique,
bef01fa1-4a34-46fd-84b5-d831c4650da9,mini,,BMW PREMIUM SELECTION,3,Possibilité de reprise.,Oui,9,essence,c6cxcjsjvft7_1,59000,Cooper,,172000,26/05/2025 00:00,Casablanca,Casablanca,moteur,MINI  Cooper,Manuelle,
9653ff89-ba4c-4567-909a-f105a89b9b66,jaguar,,FAJRINE AUTO,5,jaguar e pace en très bon état faible kilométrage \\npour plus d’informations n’hésitez pas à me contacter,Oui,8,diesel,g7fpq9ahyaug_2,37000,E-pace,,,12/05/2025 00:00,Casablanca,Casablanca,moteur,JAGUAR  E-pace S150d,Automatique,
6a00c07c-c467-4113-96c0-8c767d00b41f,skoda,Très bon,ANH AutoShopBadge Icon,5,,Oui,7,essence,tvatm3nzkly8_11,114999,Fabia,WW au Maroc,107000,12/05/2025 12:27,Marrakech,Massira 1,avito,Skoda Fabia Essence,Manuelle,2018
a0b60314-544d-4b88-bcef-f2308812a385,peugeot,Très bon,ANH AutoShopBadge Icon,5,,Oui,6,diesel,eec62mfjg0fw_25,67499,208,WW au Maroc,165000,12/05/2025 12:27,Marrakech,Massira 1,avito,Peugeot 208 Diesel,Manuelle,2023
b918cdc4-db1d-4a51-ab31-9eb225f55407,audi,,GARAGE LAHCEN,5,Garage lahcen vous propose une audi a6 2.0 tdi prestige w maroc en très bon état disposant de siège cuir automatique mémoire camera de recul et radar av ar volant cuir multifonctions limiteur et cruise control led feu de jour xenon bixenon jante 18 pouce boiserie interieur… pour plus d’info visiter notre showroom au 6 bd zerktouni casablanca ou appeler mr hicham,Non,8,diesel,0va323f5lq73_8,119000,A6,,,12/05/2025 00:00,Casablanca,Casablanca,moteur,AUDI  A6,Automatique,
6ced389d-9899-4643-a225-f487edf0c260,bentley,,LUXURY MOTORS AUTOMOTIVE,5,"Moteur : v6 hybride extérieur : vert mulliner intérieur : camel État : 2024 0 km - jantes 22 pouces - spécification de style bentayga en fibre de carbone - spécification bentayga blackline - Étriers peints en noir - fascia, console centrale et ceintures de porte en fibre de carbone - Échappement sport noir avec son sport hybride - toit ouvrant panoramique - Éclairage diamant bentley - lumières de courtoisie des portes bentley - caméra 360º avec vue 3d - vision nocturne - verre de confidentialité - suspension pneumatique adaptative - chargeur de batterie - spécifications de tournée - assistance latérale - régulateur de vitesse adaptatif - système de son surround bang&olufsen - contrôle climatique à 4 zones - fermeture soft - affichage tête haute - coutures contrastées et passepoil de siège - emblèmes bentley - contraste - sièges confort avec fonction massage - sièges ventilés et chauffants - intérieur en carbone - volant chauffant bicolore à 3 branches - ciel de pavillon en alcantara - sièges avant/arrière ventilés et chauffants - divertissement pour siège arrière bentley plus ecran tactile - clé de voiturier - sac à roulettes - tapis en laine d'agneau de mulliner - avant et arrière",Oui,14,hybride,hpo58q3aqkd4_19,4000,Bentayga,,,12/05/2025 00:00,Tanger,Tanger,moteur,BENTLEY  Bentayga,Automatique,
bee3cea0-afc1-43e8-a92c-a71d25313745,audi,,LUXURY AUTO,5,audi a3 sportback s line 40 tdi quattro s tronic (importée neuve) est disponible actuellement chez luxury auto.,Non,,diesel,pi9zdg4xaaxd_21,,A3,,,12/05/2025 00:00,Casablanca,Casablanca,moteur,AUDI  A3 S line,Automatique,
219681b3-b450-460a-9b2d-42208fa2e173,bentley,,SELECTIVE MOTORS CARS,3,Très belle continentale gt full options. 5 caméras. distronic. head up . vision nocturne. sièges ventilés. sièges chauffants. jantes forgées. vehicule full options.,Oui,34,essence,yaj1ey4xdhcy_28,39000,Continental,,,12/05/2025 00:00,Casablanca,Casablanca,moteur,BENTLEY  Continental,Automatique,
3bd977cc-e284-43ee-94bc-f60b82d437b1,volkswagen,,C'ZAM AUTO,5,Volkswagen tiguan r line import neuf immatriculation 2025 disponible dans toutes les couleurs full options aucun option manquante financement possible immatriculation rabat reprise possible livraison possible partout au maroc,Oui,8,diesel,asyoaqbhpnf5_27,4000,Tiguan,,,12/05/2025 00:00,Oujda,Oujda,moteur,VOLKSWAGEN  Tiguan,Automatique,
1c8d6ef9-222e-4ec0-8159-95e143be3b5a,volkswagen,,AUTO EMERAUDE,5,Véhicule en excellent état pour plus d’info contactez nous,Oui,12,diesel,i89z3llpnyd7_20,74000,Touareg,,,12/05/2025 00:00,Casablanca,Casablanca,moteur,VOLKSWAGEN  Touareg,Automatique,
aedb7dfb-9f49-4ad7-ba4a-c6770a7ccd3a,opel,,VOITURES PARTICULIERS CERTIFIéES,3,"Opel astra 1.5 cdti 122 bva elegance diesel 122 ch 6 cv 4,6 l/100 km modèle 2020 1er main avec 111284 km en vente. la voiture a été expertisée suivant 100 points de contrôles. le rapport d’expertise détaillé est disponible sur demande, garantissant la qualité et la fiabilité du véhicule.   veuillez nous contacter pour plus d'informations ou pour voir le véhicule. voiture a été expertisée suivant 100 points de contrôles. le rapport d’expertise détaillé est disponible sur demande, garantissant la qualité et la fiabilité du véhicule.   veuillez nous contacter pour plus d'informations ou pour voir le véhicule. financement disponible à partir de 2500mad/mois.",Oui,6,diesel,1qobleixy2h6_17,119000,Astra,,182000,12/05/2025 00:00,Casablanca,Casablanca,moteur,OPEL  Astra,Automatique,
8f4922a9-5958-4371-882a-6ffa42056c7e,citroën,Très bon,ayoub lahr,5,"ABS, Airbags, CD/MP3/Bluetooth, Climatisation, Jantes aluminium, Radar de recul, Verrouillage centralisé à distance, Vitres électriques",Non,6,diesel,2js1ue8pfrx6_27,224999,C-Elysée,WW au Maroc,94000,12/05/2025 10:41,Casablanca,Zone Industrielle Moulay Rachid,avito,Citroën c-elysée 2013,Manuelle,2013
3ee6be5b-ccfe-4bbc-91cb-ed814fa0c90e,volkswagen,,AUTO ELYOUSSEFI,5,Je me en vente une belle voiture volkswagen touareg **** tt options,Oui,12,diesel,0goo2t3j5g89_25,249000,Touareg,,,12/05/2025 00:00,Casablanca,Casablanca,moteur,VOLKSWAGEN  Touareg,Automatique,
956302ea-123f-4d96-a48d-b126411249c3,land rover,Excellent,Soufiane,5,"ABS, Airbags, CD/MP3/Bluetooth, Caméra de recul, Climatisation, ESP, Jantes aluminium, Limiteur de vitesse, Ordinateur de bord, Radar de recul, Régulateur de vitesse, Sièges cuir, Système de navigation/GPS, Toit ouvrant, Verrouillage centralisé à distance, Vitres électriques",Oui,12,diesel,gu72uihqzyc0_9,104999,Range Rover Sport,WW au Maroc,495000,12/05/2025 11:30,Casablanca,Polo,avito,Range Rover Sport Dynamic Plus,Automatique,2019
c0a02c60-1440-4455-b612-00b73dd55735,seat,Excellent,AUTO - العلالي ShopBadge Icon,5,"ABS, Airbags, CD/MP3/Bluetooth, Caméra de recul, Climatisation, ESP, Jantes aluminium, Limiteur de vitesse, Ordinateur de bord, Radar de recul, Régulateur de vitesse, Système de navigation/GPS, Verrouillage centralisé à distance, Vitres électriques",Oui,8,diesel,sf7hcl2g4wi9_21,114999,Ateca,Dédouanée,278000,12/05/2025 11:37,Meknes,Bele Vue,avito,Seat ateca 2.0L full option,Automatique,2021
e4f5ae2d-c019-46d5-a7cb-f39d93a9a1fb,bmw,,AMINE LASIR,5,Voiture en excellente état f10 pack luxury prix légèrement négociable devant la voiture,Non,8,diesel,902hilo8zcid_27,213500,Serie,,163000,26/05/2025 00:00,Casablanca,Casablanca,moteur,BMW  Serie 5 F10 luxury,Automatique,
4e335045-c903-43ca-abe8-806b47a0216f,peugeot,Excellent,MehdiShopBadge Icon,5,"ABS, Airbags, CD/MP3/Bluetooth, Caméra de recul, Climatisation, ESP, Jantes aluminium, Limiteur de vitesse, Ordinateur de bord, Radar de recul, Régulateur de vitesse, Sièges cuir, Système de navigation/GPS, Toit ouvrant, Verrouillage centralisé à distance, Vitres électriques",Oui,6,diesel,vbmdp5wc0cjb_14,77499,308,WW au Maroc,269000,12/05/2025 13:05,Casablanca,Oulfa,avito,Peugeot 308 GT Line 2023 1ere Main,Automatique,2023
3bcec829-240c-42a6-b468-6e54168e7837,volkswagen,,AUTO EMERAUDE,5,Véhicule en excellent état pour plus d’info contactez nous,Oui,12,diesel,355emcbatj0w_23,19000,Touareg,,,26/05/2025 00:00,Casablanca,Casablanca,moteur,VOLKSWAGEN  Touareg,Automatique,
213c7b3a-4db6-4c05-b799-b5648c63cb8b,porsche,,VOITURES PARTICULIERS CERTIFIéES,5,Porsche macan 2016 diesel automatique,Non,12,diesel,8b0e2it8s73l_16,119000,Macan,,430000,12/05/2025 00:00,Casablanca,Casablanca,moteur,PORSCHE  Macan,Automatique,
9c624f25-0abc-478a-b960-99914842c526,mercedes-benz,,Nom masqué,2,Mercedes-benz model : classe e,Non,9,diesel,att6m2eetccg_30,198000,Classe,,160000,12/05/2025 00:00,Casablanca,Casablanca,moteur,MERCEDES-BENZ  Classe e 207,Automatique,
7707e87f-3cd3-4a01-b460-bfe2aab8d218,audi,,HIVERNAGE AUTO,5,Couleur spécial gris chrono full options,Oui,8,diesel,u9d1wb84yq2r_19,4000,Q3,,,12/05/2025 00:00,Casablanca,Casablanca,moteur,AUDI  Q3,Automatique,
bfd60237-61b6-4f8d-bdf1-ea2e105467a1,volkswagen,,AUTO ELYOUSSEFI,5,Je me en vente une belle voiture volkswagen tiguan tt options,Oui,8,diesel,ywrmoyekw9dm_24,169000,Tiguan,,,12/05/2025 00:00,Casablanca,Casablanca,moteur,VOLKSWAGEN  Tiguan,Automatique,
b47335c8-d2b7-4cb7-9808-25552a0071c5,bmw,,AUTO 212,5,"L’occasion parfaite pour vous lancer sur la route ⤵️ vehicule en parfait état 07/ 2014 au compteur **** km , avec 8 airbags , jante alu 17, clim auto ,boite auto , retro électriques , camera de recul ,antibrouillard ,siège électriques ....avec 3 mois de garantie possible de crédit avec la banque",Non,8,diesel,hrvy6h5lp329_17,179000,Serie,,,12/05/2025 00:00,Casablanca,Casablanca,moteur,BMW  Serie 5,Automatique,
05a7b2cc-9d13-488f-ba62-2118987d45f7,land-rover,,AUTO EMERAUDE,5,Véhicule en excellent état pour plus d’info contacter nous,Oui,12,diesel,lwob4zxg04yq_16,64000,Range,,,12/05/2025 00:00,Casablanca,Casablanca,moteur,LAND-ROVER  Range rover sport,Automatique,
18d4bda0-d2ee-4a33-9a1a-52475718e1e1,volkswagen,Très bon,Voitures particuliers certifiées,5,,Non,12,diesel,chyd9ii1ubuq_31,224999,Touareg,WW au Maroc,128000,12/05/2025 13:01,Casablanca,Abdelmoumen,avito,volkswagen touareg,Automatique,2014
b984ca32-6de8-4ee7-9abd-fd60537fbf31,citroen,,SELECT GARANTIE,5,Citroen 2 cv en parfait État de marche batterie et pneus neufs contactez select garantie.,Non,4,essence,nw0g2ldtf8hd_14,94000,2,,75000,26/05/2025 00:00,Marrakech,Marrakech,moteur,CITROEN  2 cv,Manuelle,
f64362ef-d50d-42af-8330-c877f7372fab,skoda,Très bon,Hassan,5,,Non,8,diesel,lkuhy9l7tfws_17,87499,Octavia,WW au Maroc,,12/05/2025 13:37,Inzegan,Toute la ville,avito,Skoda Octavia,Manuelle,2018
ff632c82-66fe-4785-a858-602ee1ef9ad5,mercedes-benz,Excellent,Auto FadlShopBadge Icon,5,,Oui,8,diesel,qkvggqceodit_5,77499,Classe A,WW au Maroc,340000,12/05/2025 13:27,Marrakech,Hay Targa,avito,Mercedes-Benz Classe A Diesel Automatique 2022,Automatique,2022
2c693440-92d9-48b6-a90f-3311c6c7eb5c,porsche,,AUTO GHALI,5,Porsche cayenne hybrid essence 2025 0 km importé neuf toutes options,Non,21,hybride,lja9pkjbhhxx_10,4000,Cayenne,,,26/05/2025 00:00,Casablanca,Casablanca,moteur,PORSCHE  Cayenne,Automatique,
6410790e-e6d8-465e-928d-a3f856ec55b7,volkswagen,,AUTO AYMANE,5,Volkswagen arteon élégance diesel toutes options automatique climatisation automatique volant multifonction limiteur régulateur jantes aluminium 18 pouces projecteur xénon écran de bord gps radar de recul avant et arrière antibrouillard rétroviseurs rabattabel caméra de recul salon semi cuir elc chofant 4 vitter elc dèmarage et ouverture emprante 1ère main entretien maison,Oui,8,diesel,2tiaxvnfdxxn_30,169000,Arteon,,,12/05/2025 00:00,Casablanca,Casablanca,moteur,VOLKSWAGEN  Arteon,Automatique,
879a64b3-5c85-487e-b594-138e729906f8,toyota,Excellent,Zoubir,5,Climatisation,Non,5,diesel,ii96aer39dvc_2,164999,Auris,WW au Maroc,120000,12/05/2025 13:29,Casablanca,Centre Ville,avito,toyota auris,Manuelle,2015
24dc5cab-368d-426d-812d-a8d2d29414fa,peugeot,Excellent,AbdellahShopBadge Icon,5,"ABS, Airbags, CD/MP3/Bluetooth, Caméra de recul, Climatisation, ESP, Jantes aluminium, Limiteur de vitesse, Ordinateur de bord, Radar de recul, Régulateur de vitesse, Sièges cuir, Système de navigation/GPS, Toit ouvrant, Verrouillage centralisé à distance, Vitres électriques",Oui,8,diesel,20q0z1achxdz_30,42499,3008,WW au Maroc,283000,12/05/2025 19:11,Casablanca,Aïn Chock,avito,Peugeot 3008 Diesel Automatique 2020 à Casablanca,Automatique,2020
f666ee07-fc75-465c-9b00-77347a9603e3,jeep,,STELLANTIS &YOU CASABLANCA,5,Jeep avenger summit (full option avec toi ouvrant) garantie constructeur : 3 ans / 100.000 km à partir de la date de mec date de mise en circulation : octobre 2024 kilometrage : 1800 km stellantis&you met en vente un véhicule d’occasion quasi neuf. le véhicule a été vérifié dans nos ateliers et soumis à 100 ponts de controle. possibilité de reprise de votre véhicule et financement à crédit.,Oui,7,hybride,3quavm0lzdoq_18,4000,Autre,,305000,26/05/2025 00:00,Casablanca,Casablanca,moteur,JEEP  Autre,Automatique,
f1f288c3-2929-4514-99bd-083df5f5d85c,audi,Neuf,Nabil auto tihadShopBadge Icon,5,"ABS, Airbags, CD/MP3/Bluetooth, Caméra de recul, Climatisation, ESP, Jantes aluminium, Limiteur de vitesse, Ordinateur de bord, Radar de recul, Régulateur de vitesse, Sièges cuir, Système de navigation/GPS, Verrouillage centralisé à distance, Vitres électriques",Oui,8,diesel,xfgeepd1im56_6,184999,Q5,WW au Maroc,,12/05/2025 12:16,Kenitra,Centre,avito,Audi Q5 S-LINE,Automatique,2018
ea81ab1e-e44d-4f4c-b98e-232e0a962038,dacia,Très bon,ANH AutoShopBadge Icon,5,"ABS, Airbags, CD/MP3/Bluetooth, Caméra de recul, Climatisation, ESP, Jantes aluminium, Limiteur de vitesse, Ordinateur de bord, Régulateur de vitesse, Système de navigation/GPS, Verrouillage centralisé à distance, Vitres électriques",Non,6,diesel,p9ka01ld3b2z_23,104999,Duster,WW au Maroc,165000,12/05/2025 12:27,Marrakech,Massira 1,avito,Dacia Duster Diesel,Manuelle,2020
d548cd63-5426-4e79-a518-389c1f7f3c32,mini,Excellent,Auto PalomaShopBadge Icon,5,"ABS, Airbags, CD/MP3/Bluetooth, Climatisation, ESP, Jantes aluminium, Limiteur de vitesse, Ordinateur de bord, Radar de recul, Régulateur de vitesse, Système de navigation/GPS, Verrouillage centralisé à distance, Vitres électriques",Oui,6,diesel,vc7v1f5gv51q_5,52499,Countryman,Dédouanée,,12/05/2025 11:30,Tétouan,Centre ville,avito,Mini Country Man Diesel Manuelle 2013 à Tétouan,Manuelle,2013
e9052c0d-7bd2-4b34-907e-6c05b2de049c,volkswagen,Excellent,amine,5,"ABS, Airbags, CD/MP3/Bluetooth, Caméra de recul, Climatisation, ESP, Jantes aluminium, Limiteur de vitesse, Ordinateur de bord, Radar de recul, Régulateur de vitesse, Sièges cuir, Système de navigation/GPS, Toit ouvrant, Verrouillage centralisé à distance, Vitres électriques",Oui,8,diesel,3gwyt6bknwym_17,77499,Tiguan,WW au Maroc,,12/05/2025 12:16,Marrakech,Massira,avito,Vw Tiguan r Line modèle 12-2021 dédouané 09/2024,Automatique,2021
3fa3c752-67a6-461e-96c5-142dd7c24aa6,alfa-romeo,,STELLANTIS &YOU CASABLANCA,5,Alfa romeo giulia veloce garantie constructeur : 3 ans / 100.000 km à partir de la date de mec date de mise en circulation : novembre 2025 kilometrage : 0km stellantis&you met en vente un véhicule d’occasion quasi neuf. le véhicule a été vérifié dans nos ateliers et soumis à un contrôle rigoureux possibilité de reprise de votre véhicule et financement à crédit.,Oui,9,diesel,dfbumwbu7qnv_14,4000,Giulia,,502000,12/05/2025 00:00,Casablanca,Casablanca,moteur,ALFA-ROMEO  Giulia,Automatique,
f71c60f2-244a-416a-adb7-7b8778586f07,mercedes-benz,,AUTO EMERAUDE,5,Emeraude auto met en vente une mercedes classe gle 350d importer neuve avec 11000 km full options . distronique camera 360 sièges mémoires sport chauffants volant commande toit ouvrant panoramique mal électrique eclairage d'ambiance ...... pour plus d'information merci de nous contacter .,Oui,12,hybride,k7ta1pvgnvk2_20,14000,Classe,,,26/05/2025 00:00,Casablanca,Casablanca,moteur,MERCEDES-BENZ  Classe gle,Automatique,
57543f71-70b2-4dda-b087-baeb6c21d596,volkswagen,Très bon,AutoHammouShopBadge Icon,5,"ABS, Airbags, CD/MP3/Bluetooth, Caméra de recul, Climatisation, ESP, Jantes aluminium, Limiteur de vitesse, Ordinateur de bord, Radar de recul, Régulateur de vitesse, Système de navigation/GPS, Toit ouvrant, Verrouillage centralisé à distance, Vitres électriques",Oui,8,diesel,h36hctks9ggl_13,32499,Golf 8,WW au Maroc,,12/05/2025 11:30,Unknown,Yacoub El Mansour,avito,Volkswagen Golf 8 Diesel Automatique 2024 à Rabat,Automatique,2024
0bff563c-11dd-4055-8c7a-adb4cc947f2f,ds,,NADO.MA,5,Ds ds7 crossback 2.0 bluehdi 180 eat8 rivoli **** km voir la voiture en vidéo sur notre plateforme **** nado ma,Oui,8,diesel,e9xcqt7ni4u6_8,99000,Autre,,280000,12/05/2025 00:00,Casablanca,Casablanca,moteur,DS  Autre,Automatique,
cf5ab65b-b8a1-48c6-942e-838bad4fdfd3,mercedes-benz,,AUTO GHALI,5,"Mercedes classe a220 d 2025 0 km, importé neuf toutes options burmeister double toit panoramique head up display siège confort plus lumiéres d'ambiance caméras 360 degrés distronic plus",Non,9,diesel,mvly52uwpp1x_15,4000,Classe,,,12/05/2025 00:00,Casablanca,Casablanca,moteur,MERCEDES-BENZ  Classe a,Automatique,
25ebb851-9611-447e-80ac-5705fd06b51d,peugeot,Excellent,Hamza,5,"CD/MP3/Bluetooth, Caméra de recul, Climatisation, ESP, Jantes aluminium, Limiteur de vitesse, Ordinateur de bord, Radar de recul, Régulateur de vitesse, Système de navigation/GPS, Toit ouvrant, Verrouillage centralisé à distance, Vitres électriques",Non,8,diesel,nbdum4upfzh4_8,92499,3008,WW au Maroc,320000,12/05/2025 19:11,Meknes,Hamria,avito,peugeot 3008 GT LINE,Automatique,2022
e320211a-cdf3-47e8-b077-6c7a786cab29,land rover,Neuf,saad,5,"ABS, Airbags, CD/MP3/Bluetooth, Caméra de recul, Climatisation, ESP, Jantes aluminium, Limiteur de vitesse, Ordinateur de bord, Radar de recul, Régulateur de vitesse, Sièges cuir, Système de navigation/GPS, Toit ouvrant, Verrouillage centralisé à distance, Vitres électriques",Oui,12,diesel,npjxfqd0je9b_34,194999,Range Rover Sport,WW au Maroc,,12/05/2025 13:01,Rabat,Haut Agdal,avito,Range Rover sport Automatique 2019 à Rabat,Automatique,2019
ef8c8c3a-d9b3-408c-87a9-b682bd240eaa,land rover,,KIFAL AUTOShopBadge Icon,,,,12,diesel,pvdha90w5ho6_13,124999,Range Rover Sport,,430000,12/05/2025 11:37,Casablanca,Autre secteur,avito,KIFAL - LAND-ROVER Range Rover Sport,Automatique,2019
4fea3413-a1b0-49f1-82f4-65b2630364a9,peugeot,,VOITURES PARTICULIERS CERTIFIéES,5,"•avito / moteur.ma vous proposer : •peugeot **** diesel 115600km - année 2018 en vente. •véhicule en excellent état •la voiture a été expertisée suivant plus de 50 points de contrôles. •le rapport d’expertise détaillé est disponible sur demande, garantissant la qualité et la fiabilité du véhicule. •le financement est disponible auprès de wafasalaf veuillez nous contacter pour plus d'informations ou pour voir le véhicule.",Non,8,diesel,yzngli8jl1u2_27,119000,508,,162000,12/05/2025 00:00,Casablanca,Casablanca,moteur,PEUGEOT  508,Automatique,
da556cea-3455-4af5-a6f7-b7ae065498d2,land-rover,,BMW PREMIUM SELECTION,5,Possibilité de reprise.,Oui,8,diesel,2ym6jy5knsww_2,99000,Discovery,,345000,26/05/2025 00:00,Casablanca,Casablanca,moteur,LAND-ROVER  Discovery,Automatique,
178e4617-4254-45b3-8982-3c67721ce1a4,audi,,KIFAL AUTO,,"Référence kifal : #veh0000xmc kifal auto s'occupe de la vente d'une audi q8 i - ph1 - 50 tdi quattro s-line bva 286ch pour le compte de son client particulier. la voiture est expertisée suivant 150 points de contrôles et ne présente pas d'accident ou de blocage administratif. kifal auto n'a pas de garage, la voiture est chez son propriétaire à casablanca. il n'y a pas de frais pour l'acheteur. veuillez nous contacter pour plus d'informations ou pour voir le véhicule. marque : audi modele : q8 version : 2022 carburant : diesel transmission : automatique kilométrage : 119 557 km mise en circulation : 04-2022 1ere main : non origine : ww maroc.",Non,12,diesel,15dyw7hjqnpa_1,119000,Q8,,820000,12/05/2025 00:00,Casablanca,Casablanca,moteur,AUDI  Q8,Automatique,
39f074e0-5e67-4501-bf88-44a4da02a025,mercedes-benz,,V12-AUTOHOUSE,5,Bonjour. belle occasion a ne pas rater gle 350 de hybrid importée neuf avec pack 63 amg plus faible km 80000 toute options 0 dhs vignette entretiens chez mercedes pour plus d informations veillez nous contacter merci,Non,12,hybride,64cav76165wq_11,84000,Classe,,880000,12/05/2025 00:00,Tanger,Tanger,moteur,MERCEDES-BENZ  Classe gle,Automatique,
77f61cb7-e3a9-4844-8d3b-323e0d81cb61,skoda,,AUTO SALA EL JADIDA,5,Auto sala el jadida mets en vente une nouvelle skoda octavia black and white Édition limitée 2.0l tdi 150ch dsg7 mise en circulation novembre 2023 peinture originale km certifié suivi chez skoda particulier notre emplacement est disponible sur google maps et waze on acceptent également la reprise,Oui,8,diesel,ux28idp5d6k4_2,44000,Octavia,,,12/05/2025 00:00,Rabat,Rabat,moteur,SKODA  Octavia,Automatique,
e753fc1a-77ec-4179-a423-7fe0eb53c1ef,volkswagen,Très bon,HOUSSEIN,5,"ABS, Airbags, CD/MP3/Bluetooth, Caméra de recul, Climatisation, ESP, Jantes aluminium, Limiteur de vitesse, Ordinateur de bord, Radar de recul, Régulateur de vitesse, Sièges cuir, Système de navigation/GPS, Verrouillage centralisé à distance, Vitres électriques",Non,12,diesel,3m6nhq06k2lw_18,274999,Touareg,WW au Maroc,147000,12/05/2025 10:41,Rabat,Guich Oudaya,avito,Volkswagen Touareg,Automatique,2012
e6fb3d1d-8542-4590-b89d-48f1d14b5fd9,hyundai,Excellent,Mustapha salhi,5,"ABS, Airbags, CD/MP3/Bluetooth, Caméra de recul, Climatisation, ESP, Jantes aluminium, Limiteur de vitesse, Ordinateur de bord, Radar de recul, Régulateur de vitesse, Sièges cuir, Toit ouvrant, Verrouillage centralisé à distance, Vitres électriques",Oui,6,diesel,iln4p2vo8gwf_15,72499,Tucson,WW au Maroc,290000,12/05/2025 11:37,Casablanca,Aïn Chock,avito,HYUNDAI TUCSON 2022,Automatique,2022
3fe32577-cba0-47df-bf0c-3a80e094936c,toyota,Excellent,UNIVERSELLEShopBadge Icon,5,"ABS, Airbags, CD/MP3/Bluetooth, Caméra de recul, Climatisation, ESP, Jantes aluminium, Limiteur de vitesse, Ordinateur de bord, Radar de recul, Régulateur de vitesse, Système de navigation/GPS, Toit ouvrant, Verrouillage centralisé à distance, Vitres électriques",Oui,6,hybride,vr6ffzntxdyo_18,72499,Yaris,WW au Maroc,,12/05/2025 12:16,Fes,Hay Atlas,avito,Toyota yaris hybrid 2020,Automatique,2020
abbbe0de-b1f0-4f81-8788-99fa123b2cb1,hyundai,,SELECT GARANTIE,5,Voiture comme neuf contactez select garantie pour plus d infos.,Oui,6,diesel,2ypp5cy7qr0h_13,44000,I30,,,26/05/2025 00:00,Marrakech,Marrakech,moteur,HYUNDAI  I30,Manuelle,
531f113b-9318-4a12-9fba-94118c5c93b8,volkswagen,Excellent,Auto palaceShopBadge Icon,3,"Airbags, Climatisation, Jantes aluminium, Limiteur de vitesse, Radar de recul, Régulateur de vitesse, Système de navigation/GPS, Vitres électriques",Oui,7,diesel,08h1aa6diqat_27,174999,Tiguan,WW au Maroc,230000,12/05/2025 13:01,Casablanca,Aïn Chock,avito,Tuguoin 2020 premier main,Manuelle,2020
189a2ec2-55c2-4bf4-97e9-006b565b459d,ford,Excellent,Sami mat,5,"ABS, Airbags, Caméra de recul, Climatisation, ESP, Jantes aluminium, Limiteur de vitesse, Ordinateur de bord, Radar de recul, Régulateur de vitesse, Système de navigation/GPS, Verrouillage centralisé à distance, Vitres électriques",Non,8,diesel,1wqcdbvck1jk_24,224999,Kuga,,125000,12/05/2025 13:36,Casablanca,Sidi Moumen,avito,Ford kuga 2012 a vendre,Manuelle,2012
53b37dcd-effe-45aa-ae58-d0a664d2fa19,volkswagen,,AUTO EMERAUDE,5,Véhicule en excellent état pour plus d’info contactez nous,Oui,8,diesel,6mio6skcm3si_11,79000,T-roc,,,12/05/2025 00:00,Casablanca,Casablanca,moteur,VOLKSWAGEN  T-roc,Automatique,
71ad200d-f27f-4fc7-9cd9-707009775d65,mercedes-benz,,MINT LUXE AUTO,5,À vendre mercedes classe v300d vip business classe modele 2025 importee neuve kilométrage .000km avec plein d' options à découvrir pour plus d’informations n’hésitez pas de nous contacter,Oui,8,diesel,t3dmcxf19s16_24,4000,Classe,,,12/05/2025 00:00,Marrakech,Marrakech,moteur,MERCEDES-BENZ  Classe v Electrique,Automatique,
8d04a378-88c1-4795-bfdc-c3d704fdbfb9,citroën,Excellent,SIMA AUTOShopBadge Icon,5,"ABS, Airbags, CD/MP3/Bluetooth, Climatisation, ESP, Jantes aluminium, Limiteur de vitesse, Ordinateur de bord, Radar de recul, Régulateur de vitesse, Système de navigation/GPS, Verrouillage centralisé à distance, Vitres électriques",Oui,6,diesel,idpeg2d74n4i_4,97499,Berlingo,WW au Maroc,,12/05/2025 10:41,Rabat,Hay Riad,avito,citroen berlingo Diesel Manuelle 2020 à Rabat,Manuelle,2020
0004fa3a-8eab-40b2-9654-9e052193ac50,peugeot,Excellent,Med amine,5,"ABS, Airbags, CD/MP3/Bluetooth, Caméra de recul, Climatisation, ESP, Jantes aluminium, Limiteur de vitesse, Ordinateur de bord, Radar de recul, Régulateur de vitesse, Sièges cuir, Système de navigation/GPS, Toit ouvrant, Verrouillage centralisé à distance, Vitres électriques",,8,diesel,mdbq99pianri_7,57499,3008,WW au Maroc,282000,12/05/2025 12:16,Rabat,Hay el Fath,avito,Peugeot 3008 Diesel Automatique 2020 à Rabat,Automatique,2020
c843ac2c-8476-48a4-a225-bf6ed349b352,alfa-romeo,,STELLANTIS &YOU CASABLANCA,5,Alfa romeo giulia veloce garantie constructeur : 3 ans / 100.000 km à partir de la date de mec date de mise en circulation : novembre 2024 kilometrage : 0 km stellantis&you met en vente un véhicule d’occasion quasi neuf. le véhicule a été vérifié dans nos ateliers et soumis à un contrôle rigoureux possibilité de reprise de votre véhicule et financement à crédit.,Oui,9,diesel,7bkb12a4bqec_15,4000,Giulia,,505000,12/05/2025 00:00,Casablanca,Casablanca,moteur,ALFA-ROMEO  Giulia,Automatique,
fd0c54ad-fd88-4f60-8be0-b91f705d2dc9,peugeot,Excellent,Auto RachidShopBadge Icon,5,"ABS, Airbags, CD/MP3/Bluetooth, Caméra de recul, Climatisation, ESP, Jantes aluminium, Limiteur de vitesse, Ordinateur de bord, Radar de recul, Régulateur de vitesse, Sièges cuir, Système de navigation/GPS, Toit ouvrant, Verrouillage centralisé à distance, Vitres électriques",Oui,6,diesel,jbby9vzctgo8_26,77499,208,WW au Maroc,,12/05/2025 11:37,Rabat,Hay el Fath,avito,peugeot-208,Manuelle,2020
9147db8b-e9fc-42b2-9686-289e760cab06,jeep,,SELECT GARANTIE,5,Jeep vrangler sahara diesel en excellent État bien entretenu contacter select garantie.,Oui,11,diesel,wi5c4doecvha_12,74000,Wrangler,,,26/05/2025 00:00,Marrakech,Marrakech,moteur,JEEP  Wrangler,Automatique,
d89699b2-a04c-4fcd-a7a7-d37cb178c1ce,bmw,,AUTO ELYOUSSEFI,5,Je me en vente une belle voiture bmw série5 525 tt options,Non,12,diesel,jf2w0n3f4uim_7,179000,Serie,,,12/05/2025 00:00,Casablanca,Casablanca,moteur,BMW  Serie 5,Automatique,
f0cc38ba-80ed-4092-9859-304a9c1ec2e3,peugeot,Excellent,AUTO MAAZOUZI ShopBadge Icon,5,"ABS, CD/MP3/Bluetooth, Climatisation, ESP, Jantes aluminium, Limiteur de vitesse, Ordinateur de bord, Radar de recul, Régulateur de vitesse, Verrouillage centralisé à distance, Vitres électriques",Oui,6,diesel,6lv63vk91qbi_20,12499,308,WW au Maroc,258000,12/05/2025 12:16,Rabat,Hay Riad,avito,Peugeot 308,Automatique,2025
2d5da2ee-27bb-409e-9204-66cda5fe9c25,bmw,,RT AUTO,5,"Bmw x5 pack m individual full option afichage tête haute siège mémoire massage distribué plus sonorisions harmen cardon système start&stop climatisation automatique bi-zones avec 13 aérateurs boîte de vitesses automatique zf à 8 rapports pédales réglables électriquement en profondeur rétroviseur intérieur à réglage automatique Éclairage d'ambiance de nuit rétroviseurs électromatiques, électriques, chauffants et rabattables siège conducteur réglable électriquement (6 directions) ecran ordinateur de bord 7 couleur voiture comme neuf full option pour plus d’informations contactez nous",Oui,12,diesel,dqp527v4luqb_21,129000,X5,,,12/05/2025 00:00,Casablanca,Casablanca,moteur,BMW  X5,Automatique,
1db0c662-d237-4835-9fbb-144bad880e03,fiat,Excellent,Mohamed,5,"Airbags, CD/MP3/Bluetooth, Climatisation, ESP, Jantes aluminium, Limiteur de vitesse, Ordinateur de bord, Radar de recul, Régulateur de vitesse, Système de navigation/GPS, Vitres électriques",Oui,8,diesel,ox35019lzofv_22,174999,Freemont,WW au Maroc,,12/05/2025 13:23,Casablanca,Sidi Bernoussi,avito,Fiat Freemont,Automatique,2013
af34d9e8-d55a-43d1-9dd5-a8316fc5f778,renault,Excellent,Ilyass,5,"ABS, Airbags, CD/MP3/Bluetooth, Caméra de recul, Climatisation, ESP, Limiteur de vitesse, Ordinateur de bord, Radar de recul, Régulateur de vitesse, Sièges cuir, Système de navigation/GPS, Verrouillage centralisé à distance, Vitres électriques",Oui,6,diesel,4jvoi606hsmj_27,92499,Clio,,118000,12/05/2025 13:22,Casablanca,Ain Sebaa,avito,Renault Clio Diesel Manuelle 2018 à Casablanca,Manuelle,2018
5ad33bab-872f-48a5-a1ac-e624a7cc5fe4,volkswagen,Excellent,SVR AUTOShopBadge Icon,5,"ABS, Airbags, CD/MP3/Bluetooth, Caméra de recul, Climatisation, ESP, Jantes aluminium, Limiteur de vitesse, Ordinateur de bord, Radar de recul, Régulateur de vitesse, Système de navigation/GPS, Toit ouvrant, Verrouillage centralisé à distance, Vitres électriques",Oui,8,diesel,75hh1vu6178c_8,62499,T-Roc,Dédouanée,,12/05/2025 12:27,Tétouan,Saniat Rmal,avito,VOLKSWAGENT-ROC RLINE,Automatique,
7497cc43-93aa-49bf-ac25-c7c55204a204,jeep,Excellent,NADO ma,5,"ABS, Airbags, CD/MP3/Bluetooth, Climatisation, ESP, Jantes aluminium, Limiteur de vitesse, Ordinateur de bord, Régulateur de vitesse, Sièges cuir, Toit ouvrant, Verrouillage centralisé à distance, Vitres électriques",Oui,11,diesel,t7xvdozuv9hf_19,224999,Wrangler,WW au Maroc,250000,12/05/2025 10:41,Casablanca,Californie,avito,Jeep Wrangler Sahara Unlimited,Automatique,2016
23020927-6653-406a-9963-916e692de061,land rover,Très bon,Ayoub,5,"ABS, Airbags, CD/MP3/Bluetooth, Caméra de recul, Climatisation, ESP, Jantes aluminium, Limiteur de vitesse, Ordinateur de bord, Radar de recul, Régulateur de vitesse, Sièges cuir, Système de navigation/GPS, Verrouillage centralisé à distance, Vitres électriques",Oui,12,diesel,29hsz9dh4moh_20,194999,Range Rover Sport,Dédouanée,265000,12/05/2025 13:01,Marrakech,Targa,avito,Range Rover Sport,Automatique,2014
aa761ada-d458-4054-a50c-10add3524552,land rover,Excellent,AUTOMOBILES TINGISShopBadge Icon,5,"ABS, Airbags, CD/MP3/Bluetooth, Caméra de recul, Climatisation, ESP, Jantes aluminium, Limiteur de vitesse, Ordinateur de bord, Radar de recul, Régulateur de vitesse, Sièges cuir, Système de navigation/GPS, Toit ouvrant, Verrouillage centralisé à distance, Vitres électriques",Non,12,diesel,hu4u07luug2h_15,114999,Range Rover Sport,Importée neuve,398000,12/05/2025 19:11,Tanger,Centre,avito,RANGE ROVER SPORT AUTOBIOGRAPHY STARTECH TTOPTIONS,Automatique,2016
73b4526f-af9f-420e-be07-530b6c74265b,peugeot,Excellent,Auto SimoShopBadge Icon,3,,Non,8,essence,llafzzj19umg_34,92499,208,WW au Maroc,95000,12/05/2025 12:16,Casablanca,Sidi Maarouf,avito,Peugeot 208 GTI essence sport,Manuelle,2016
32e168fe-1a0e-4ddd-8ca8-a8dc94ad4777,bmw,,KIFAL AUTO,,"Référence kifal : #veh0000xm8 kifal auto s'occupe de la vente d'une bmw x3 iii - ph1 - 18d pack m sdrive bva 150ch pour le compte de son client particulier. la voiture est expertisée suivant 150 points de contrôles et ne présente pas d'accident ou de blocage administratif. kifal auto n'a pas de garage, la voiture est chez son propriétaire à casablanca. il n'y a pas de frais pour l'acheteur. veuillez nous contacter pour plus d'informations ou pour voir le véhicule. marque : bmw modele : x3 version : 2021 carburant : diesel transmission : automatique kilométrage : 162 022 km mise en circulation : 04-2021 1ere main : oui origine : ww maroc.",Non,8,diesel,6rsffhtbol64_3,169000,X3,,395000,12/05/2025 00:00,Casablanca,Casablanca,moteur,BMW  X3,Automatique,
3677d73a-1290-4cd7-99b3-a4c69c4c77e9,mercedes-benz,,C'ZAM AUTO,5,Glc 220 pack amg toute option roue directionnel toit panoramique camera 360 suspension automatique coffre électrique destronic la plus full de ça catégorie aucune option manquante reprise possible immatriculation rabat livraison partout au maroc financement possible,Non,11,diesel,gklqp0prhlfv_28,4000,Classe,,,12/05/2025 00:00,Oujda,Oujda,moteur,MERCEDES-BENZ  Classe glc,Automatique,
b1a75466-b174-42ae-b0a0-e030ce8917c0,mercedes-benz,,AUTO GHALI,5,"Auto lghali met en vente une mercedes 2025 mercedes-benz cla 220d 0 km full option head up display lumieres d'ambiance toit ouvrant pack amg caméras 360 degrés distronic plus et pleins d'autres options à découvrir contactez-nous dès aujourd'hui via téléphone ou whatsapp distronique , siéges mémoires , toit ouvrant panoramique , ext pack night pour plus d'info merci de nous contacter .",Non,9,diesel,6myrs5m3yfoh_19,4000,Classe,,,12/05/2025 00:00,Casablanca,Casablanca,moteur,MERCEDES-BENZ  Classe cla,Automatique,
ffac7fab-a7b3-4dab-ad05-e8aa1c397ff0,renault,Très bon,AUTO MIMOUNEShopBadge Icon,5,"ABS, Airbags, CD/MP3/Bluetooth, Climatisation, Limiteur de vitesse, Ordinateur de bord, Radar de recul, Régulateur de vitesse, Système de navigation/GPS, Verrouillage centralisé à distance, Vitres électriques",Oui,6,diesel,fvf2htz1pkjw_29,134999,Trafic,WW au Maroc,189000,12/05/2025 12:16,Casablanca,Roches Noires,avito,trafic www clim,Manuelle,2019
66af3507-ff2a-4060-a298-2ce1654fbb8c,mercedes-benz,Neuf,auto GhaliShopBadge Icon,5,"ABS, Airbags, CD/MP3/Bluetooth, Caméra de recul, Climatisation, ESP, Jantes aluminium, Limiteur de vitesse, Ordinateur de bord, Radar de recul, Régulateur de vitesse, Sièges cuir, Système de navigation/GPS, Toit ouvrant, Verrouillage centralisé à distance, Vitres électriques",,9,hybride,43d5qkgj4iq3_6,2499,Classe E,Importée neuve,,12/05/2025 19:11,Casablanca,Aïn Chock,avito,Mercedes-Benz Classe E300de amg,Automatique,2025
96bc1d3e-154b-4141-8cc3-401b12044de9,mercedes-benz,,HIVERNAGE AUTO,5,Nouveau gle350de hybrid full options pack amg,Oui,8,hybride,nskhkr913bbd_29,4000,Classe,,,12/05/2025 00:00,Casablanca,Casablanca,moteur,MERCEDES-BENZ  Classe gle,Automatique,
63f9f02b-af68-4335-b2ae-648bb0063a1a,porsche,,HIVERNAGE AUTO,5,Vehicule en parfait état suivie chez le concessionnaire full options,Oui,17,hybride,mj37r2h2xs09_28,84000,Cayenne,,,12/05/2025 00:00,Casablanca,Casablanca,moteur,PORSCHE  Cayenne,Automatique,
fd95e6f3-6d6e-4b2b-8749-dd015958c6c1,mercedes-benz,,YASINE,,Mercedes a 200 amg jamais accidentée mod 2020 ded 2025 merci de nous contactez pour plus d’informations,Non,8,diesel,7lm4kcrbue06_12,149000,Classe,,,12/05/2025 00:00,Casablanca,Casablanca,moteur,MERCEDES-BENZ  Classe a,Automatique,
62515a6f-26a7-4d9c-a481-8f00f0d58d2c,renault,Excellent,Chaabi AutoShopBadge Icon,5,"ABS, Airbags, CD/MP3/Bluetooth, Caméra de recul, Climatisation, ESP, Jantes aluminium, Limiteur de vitesse, Ordinateur de bord, Radar de recul, Régulateur de vitesse, Système de navigation/GPS, Verrouillage centralisé à distance, Vitres électriques",Non,6,diesel,lzwqb5o7hy74_10,52499,Clio,WW au Maroc,,12/05/2025 13:25,Rabat,Hay el Fath,avito,Renault clio 5 manuel tout option,Manuelle,2022
0a185199-a120-46a7-ad33-acea81b3a958,porsche,,HIVERNAGE AUTO,5,Nouvelle production 2025 vehicule surequipé,Oui,17,hybride,ecjp5fztwntl_8,4000,Cayenne,,,12/05/2025 00:00,Casablanca,Casablanca,moteur,PORSCHE  Cayenne,Automatique,
a5b6017e-d4ff-4594-a4af-b93c2054b202,bmw,,AUTO AYMANE,5,Bmw serie 5 diesel model 2019/11 toutes options boîte automatique climatisation digital volant multifonction ecran de bord caméra de recul saloncuire taba elc tableau en bois jantes aluminium 4vittreselc bleutouth antibrouillard rétroviseurs elc projecteurs xénonlimiteur régulateur male elc radar de recul avant et arrière les laides avant et arrièredémarrage empreinte 1ère main entretien maison,Oui,8,diesel,xx7ckhoa8y7r_9,139000,Serie,,,26/05/2025 00:00,Casablanca,Casablanca,moteur,BMW  Serie 5,Automatique,
61d03233-4d2b-49b1-bd5b-3ade2bf054b6,mercedes-benz,Neuf,Auto ErrachidiaShopBadge Icon,5,"ABS, Airbags, CD/MP3/Bluetooth, Caméra de recul, Climatisation, ESP, Jantes aluminium, Limiteur de vitesse, Ordinateur de bord, Radar de recul, Régulateur de vitesse, Sièges cuir, Système de navigation/GPS, Toit ouvrant, Verrouillage centralisé à distance, Vitres électriques",Oui,8,diesel,s83ekdmjtqw5_12,22499,Classe A,Dédouanée,,12/05/2025 11:37,Rabat,Hay Riad,avito,Mercedes-Benz Classe A Diesel Automatique 2023,Automatique,2023
91c5601f-6da1-412e-947c-1908bb3bce1c,mercedes-benz,Excellent,LAACHIRI AUTOShopBadge Icon,5,,Oui,8,diesel,95hwvc1r8uyc_22,42499,Classe E,WW au Maroc,495000,12/05/2025 11:30,Tanger,Californie,avito,PROPRE MERCEDES CLASSE E220D LUXURY,Automatique,
2b442534-f912-4554-aeb2-d73717cdf37c,ford,Excellent,RHZIOUALShopBadge Icon,5,"ABS, Airbags, CD/MP3/Bluetooth, Climatisation, ESP, Jantes aluminium, Limiteur de vitesse, Ordinateur de bord, Radar de recul, Régulateur de vitesse, Système de navigation/GPS, Verrouillage centralisé à distance, Vitres électriques",Oui,6,diesel,htfutd9d5yty_17,174999,Fiesta,WW au Maroc,109000,12/05/2025 19:11,Fes,Centre,avito,Ford Fiesta Trend plus Diesel,Manuelle,2016
90df8564-7cfe-4acb-b95f-49dc3fbbb6f0,porsche,,GT AUTO,5,"Gt drive mets en vente une porsche cayenne diesel importe neuf très peu rouler siège cuir élé,phare double xéno,caméra de recul volant multifonctions avec palettes clim digital toit ouvrant panoramique jantes alum et pleins d'autre options pour plus d'information contacter nous",Oui,12,diesel,mgvygc900v5d_2,99000,Cayenne,,,12/05/2025 00:00,Casablanca,Casablanca,moteur,PORSCHE  Cayenne,Automatique,
2a5cea9d-8468-4e01-bdf6-6e755baa4ecd,jeep,Excellent,samade mamado,5,"ABS, Airbags, CD/MP3/Bluetooth, Climatisation, ESP, Limiteur de vitesse, Radar de recul, Régulateur de vitesse, Sièges cuir, Système de navigation/GPS, Verrouillage centralisé à distance, Vitres électriques",Oui,6,essence,xnwlo4oi2ik8_33,17499,Renegade,WW au Maroc,280000,12/05/2025 10:41,Oujda,Hay fath,avito,Jeep renegade essence hybride,Automatique,2023
0f792f71-13af-44e3-9fa5-b17837571404,hyundai,Très bon,NABILShopBadge Icon,5,"Airbags, Climatisation",Non,6,diesel,qiacixjnee5y_26,194999,Accent,WW au Maroc,79000,12/05/2025 13:05,Fes,Agdal,avito,hyundai accent modél 2009,Manuelle,2009
b0f0fdc9-740f-47a2-8316-de6bb513495f,mercedes-benz,,AUTO HICHAM ERRAHMANI,5,"Bonjour je mets en vente ma voiture mercedes-benz class a , modèle 07-2021 , automatique , 8 cv , diesel . bon état. pour plus d'informations n'hésitez pas de nous contacter merci .",Non,8,diesel,iwr13nxva7gl_11,109000,Classe,,,12/05/2025 00:00,Marrakech,Marrakech,moteur,MERCEDES-BENZ  Classe a,Automatique,
1a516439-c878-4c1e-a788-a9ce482c663e,seat,Excellent,AUTO - العلالي ShopBadge Icon,5,"ABS, Airbags, CD/MP3/Bluetooth, Caméra de recul, Climatisation, ESP, Jantes aluminium, Limiteur de vitesse, Ordinateur de bord, Radar de recul, Régulateur de vitesse, Sièges cuir, Système de navigation/GPS, Toit ouvrant, Verrouillage centralisé à distance, Vitres électriques",Oui,6,diesel,s82en8lql6ih_25,104999,Ateca,Dédouanée,262000,12/05/2025 11:30,Meknes,Bele Vue,avito,2 seat ateca 1.6 L M2020 D2025,Automatique,2020
e83b7ae7-c4af-4c8d-8ab2-888827af90e3,nissan,,LION CAR,5,Bonjour je mets en vente qashqai 2015 diesel automatique 6chv tt option 160000klm toi panoramique pour plus d'informations merci de nous contacter.,Non,6,diesel,rxf3m18k4nrj_14,169000,Qashqai,,163000,26/05/2025 00:00,Casablanca,Casablanca,moteur,NISSAN  Qashqai,Automatique,
7d782cc6-c876-44e8-bf09-97563202a20e,skoda,Très bon,VOITURES TILILAShopBadge Icon,5,"ABS, Airbags, Climatisation, Jantes aluminium, Limiteur de vitesse, Régulateur de vitesse, Sièges cuir, Verrouillage centralisé à distance, Vitres électriques",Non,8,diesel,jjaikc87x54n_29,174999,Yeti,WW au Maroc,115000,12/05/2025 11:37,Agadir,Tilila,avito,Skoda yeti mazot modele 2013 tout option,Manuelle,2013
8fbaa20e-04c3-4934-aecd-368b81f07075,toyota,,AUTO HAMZA,5,سلام عليكم ورحمة الله وبركاته سيارة للبيع للمزيد من المعلومات المرجو الاتصال بنا او زيارة محلنا وشكرًا v,Oui,6,hybride,kctiw9g66grf_6,139000,C-hr,,,12/05/2025 00:00,Marrakech,Marrakech,moteur,TOYOTA  C-hr,Automatique,
ddd9b770-817d-40cb-993f-d3366dea8dcb,renault,Très bon,Bienvenue,3,,,4,essence,j4cwskke5gei_3,27499,Megane,WW au Maroc,,12/05/2025 13:01,Casablanca,Belvédère,avito,Renault Mégane,Manuelle,2005
deec5b32-9877-454a-b2b7-267f8815cd36,audi,,SUPERCARS,5,Vente et achat de véhicules occasion avec 15 ans d'expérience. nous effectuons plus de 50 points de contrôles avant la mise en vente dans notre showroom. audi q3 quattro finition exclusive voiture sur commande 2.0l tdi 1ère main en excellent état et bien entretenu. accès et démarrage main intérieur cuir tabac avec siège électrique chauffant toit panoramique ouvrant éclairage full led écran multimédia avec système de sonorisation bose et éclairage d’ambiance radar avant et arrière avec caméra de recul et plains d’autres options…,Oui,8,diesel,lbcf4p5hdugl_30,94000,Q3,,320000,12/05/2025 00:00,Casablanca,Casablanca,moteur,AUDI  Q3,Automatique,
a6f6b2e5-4200-43d7-b122-63afcf594c25,skoda,,AUTO AYMANE,5,Skoda kamiq diesel manuel volant multifonction limiteur régulateur jantes aluminium 4vittres elc bleutouth écran de bord gps radar de recul avant et arrière rétroviseur elc antibrouillard les laides avant et arrière démarrage empreinte caméra de recul salon sport 1ère main entretien maison,Oui,6,diesel,uw7nz4uqs9g7_12,169000,Kamiq,,,26/05/2025 00:00,Casablanca,Casablanca,moteur,SKODA  Kamiq,Manuelle,
5559fc37-9071-4cd1-b4f1-2a3b49619744,hyundai,,VOITURES PARTICULIERS CERTIFIéES,3,Hyundai tucson ultimate 2021 130000km,Oui,6,diesel,cdbyl4yklxgd_16,139000,Tucson,,315000,12/05/2025 00:00,Casablanca,Casablanca,moteur,HYUNDAI  Tucson,Automatique,
18ece872-2a87-4d46-bc1e-d5033a0bd013,mercedes-benz,,FAJRINE AUTO,5,Mercedes benz classe e 300 de importer neuf 00 km amg pour plus d’informations veuillez nous contacter,Oui,8,hybride,g3iva0z6bpz0_24,4000,Classe,,,12/05/2025 00:00,Casablanca,Casablanca,moteur,MERCEDES-BENZ  Classe e,Automatique,
b2a06f97-6d7b-41f1-bff9-d53bd67a64d7,porsche,,SELECTIVE MOTORS CARS,,Très belle carrera 4 gts full options . sièges ventilés. sièges chauffants. pack gts complet. pack sport design. distronic. assistance à la trajectoire. toit panoramique. jantes forgées. suspension pneumatique. volant gt . aero kits compler. vehicule full options.,Non,27,essence,rmyt22zdlr40_27,4000,Autre,,,12/05/2025 00:00,Casablanca,Casablanca,moteur,PORSCHE  Autre,Automatique,
383b4770-adb3-433a-b343-481c188d3067,audi,,AUTO EMERAUDE,5,Emeraude auto met en vente une audi q5 ww maroc full options . distronique sièges mémoires chauffants volant commande toit ouvrant panoramique mal électrique ...... pour plus d'information merci de nous contacter,Non,8,diesel,7k73i7bsf78r_18,129000,Q5,,,12/05/2025 00:00,Casablanca,Casablanca,moteur,AUDI  Q5,Automatique,
a21ee79a-1e90-423e-abdc-cc4fb8013463,dacia,Excellent,Global occazShopBadge Icon,5,"ABS, Airbags, Climatisation, Limiteur de vitesse, Radar de recul, Régulateur de vitesse, Vitres électriques",Non,6,diesel,6b48vs3unzou_17,37499,Sandero,WW au Maroc,178000,12/05/2025 11:30,Casablanca,Ain Sebaa,avito,Dacia sandero Diesel manuelle 2024 à Casablanca,Manuelle,2024
38326000-5a34-48c3-a458-40085e6e72aa,kia,Excellent,IDOSCAR OCCAZShopBadge Icon,5,"ABS, Airbags, CD/MP3/Bluetooth, Caméra de recul, Climatisation, ESP, Jantes aluminium, Limiteur de vitesse, Ordinateur de bord, Radar de recul, Régulateur de vitesse, Sièges cuir, Système de navigation/GPS, Toit ouvrant, Verrouillage centralisé à distance, Vitres électriques",Oui,8,diesel,5wucudbi08wi_30,92499,Sportage,WW au Maroc,243000,12/05/2025 13:35,Sale,Sala El Jadida,avito,Kia sportage 2020 diesel automatique,Automatique,2020
7557da1a-ab6d-4e23-af58-b919ca1de6fc,jeep,,AUTO 212,5,"Vehicule en parfait état 03/ 2023 au compteur 55 170km, avec 8 airbags, gps, jante alu 16, boite manuelle 5 rapports, retro électriques......avec 3 mois de garantie possible de crédit avec la banque",Oui,6,diesel,x73iyxhmweyo_15,59000,Renegade,,,12/05/2025 00:00,Casablanca,Casablanca,moteur,JEEP  Renegade,Manuelle,
18b7d5af-bc71-494d-8352-0ce5b1bb14eb,mercedes-benz,Excellent,🚘🛻🏎️📲ShopBadge Icon,5,"ABS, Airbags, CD/MP3/Bluetooth, Caméra de recul, Climatisation, ESP, Jantes aluminium, Limiteur de vitesse, Ordinateur de bord, Radar de recul, Régulateur de vitesse, Sièges cuir, Système de navigation/GPS, Toit ouvrant, Verrouillage centralisé à distance, Vitres électriques",Oui,8,,99muuz5v778p_7,114999,Classe GLC,Dédouanée,,12/05/2025 19:11,Oujda,Hay El Qods,avito,Mercedes-Benz GLC 300 DE 2020,Automatique,2020
f208b48c-483d-4360-a40c-0f84d16021ea,peugeot,Très bon,Youssef,5,,Oui,6,diesel,68houwdw8ktk_16,144999,Partner,WW au Maroc,150000,12/05/2025 13:37,Rabat,Yacoub El Mansour,avito,Peugeot Partner Diesel Manuelle 2019 à Rabat,Manuelle,2019
12dcf7e7-3942-4bc0-a541-523fe178404c,porsche,,AUTO ELYOUSSEFI,5,Je me en vente une belle voiture porsche cayenne turbo diesel tt options,Non,12,diesel,ybuqe5w6qys6_22,199000,Cayenne,,,12/05/2025 00:00,Casablanca,Casablanca,moteur,PORSCHE  Cayenne,Automatique,
21ff0142-15f6-4142-91eb-163478e9f020,volkswagen,Excellent,particulier,5,"ABS, Airbags, CD/MP3/Bluetooth, Climatisation, ESP, Jantes aluminium, Ordinateur de bord, Verrouillage centralisé à distance, Vitres électriques",Non,8,essence,keonlvwbn6wm_27,164999,Golf 5,WW au Maroc,,12/05/2025 13:36,Benslimane,Autre secteur,avito,Volkswagen Golf 5 Essence Manuelle 2006,Manuelle,2006
0f5fb01d-14b7-4604-8312-49db67444d0d,audi,,AUTO GHALI,5,Audi q8 s-line quattro 2025 nouvelle génération importé neuf 0 km toutes options : boite de vitesse : tiptronic 8 soft close head up display interieur alcantara night vision camera 3d distronic angle mort suspension toit ouvrant panoramique sièges chauffants ventilées électriques mémoires système nfc Éclairage d'ambiance jantes 22 pouces et pleins d'autres options à découvrir contactez-nous dès aujourd'hui sur le via téléphone ou whatsapp rs3 rsq3 rsq8 rsq8 q8 sq8 q3 audi lamborghini q5 porsche cayenne gle 350d 350de glc tiguan r-line,Oui,11,diesel,ehza45rw6s6q_8,4000,Q8,,,26/05/2025 00:00,Casablanca,Casablanca,moteur,AUDI  Q8,Automatique,
067a646e-acc4-44de-b750-38d6f5a8ea9f,renault,,Mohamed,5,"ABS, Airbags, CD/MP3/Bluetooth, Caméra de recul, Climatisation, Jantes aluminium, Limiteur de vitesse, Ordinateur de bord, Radar de recul, Régulateur de vitesse, Sièges cuir, Système de navigation/GPS, Verrouillage centralisé à distance, Vitres électriques",,6,diesel,2rb7ekt1qa8s_28,124999,Clio,WW au Maroc,118000,12/05/2025 10:41,Kenitra,Bab Fès,avito,voiture Kénitra mdina khebaza,Manuelle,2018
e445baa5-a73d-4b1f-bef4-c0a07c709de8,renault,,COMPLEX AUTO,5,Renault clio 2021,Oui,6,essence,r04vg0y79br3_7,47000,Clio,,,26/05/2025 00:00,Casablanca,Casablanca,moteur,RENAULT  Clio,Automatique,
dc5a8e77-e522-4e95-a917-9e06ced434dd,land rover,Excellent,YassineShopBadge Icon,5,"ABS, Airbags, CD/MP3/Bluetooth, Caméra de recul, Climatisation, ESP, Jantes aluminium, Limiteur de vitesse, Ordinateur de bord, Radar de recul, Régulateur de vitesse, Sièges cuir, Système de navigation/GPS, Toit ouvrant, Verrouillage centralisé à distance, Vitres électriques",Non,12,diesel,69miiprm4i4v_3,87499,Range Rover Sport,WW au Maroc,510000,12/05/2025 13:28,Casablanca,Californie,avito,Range Rover sport autobiographie,Automatique,2021
8d8861ef-c312-45c6-a976-1b165834f485,bentley,,HIVERNAGE AUTO,5,Vehicule très bien entretenu révision a jour 4 pneus neuf aucune dépense a prévoir,Oui,16,diesel,539m5ve3ioug_7,64000,Bentayga,,,12/05/2025 00:00,Casablanca,Casablanca,moteur,BENTLEY  Bentayga,Automatique,
cf78a718-4fae-4e64-9c44-c44440ebc56f,porsche,,KIFAL AUTO,,"Référence kifal : #veh0000xmg kifal auto s'occupe de la vente d'une porsche cayenne coupe i - ph1 - e-hybrid coupé bva 470ch pour le compte de son client particulier. la voiture est expertisée suivant 150 points de contrôles et ne présente pas d'accident ou de blocage administratif. kifal auto n'a pas de garage, la voiture est chez son propriétaire à casablanca. il n'y a pas de frais pour l'acheteur. veuillez nous contacter pour plus d'informations ou pour voir le véhicule. marque : porsche modele : cayenne coupe version : 2023 carburant : hybride transmission : automatique kilométrage : 50 247 km mise en circulation : 04-2023 1ere main : non origine : importé neuf.",Non,17,hybride,lu5cvrzi7iu6_5,54000,Cayenne,,1090000,12/05/2025 00:00,Casablanca,Casablanca,moteur,PORSCHE  Cayenne,Automatique,
